Item,Type,Property,Line,Wave,OnHand
Elkhorn Good Dwarf Fighter,Figure,Advanced Dungeons and Dragons,Advanced Dungeons and Dragons,Mini,1
Ringlerun,Figure,Advanced Dungeons and Dragons,Advanced Dungeons and Dragons (LJN),Wave 1,1
Ogre King,Figure,Advanced Dungeons and Dragons,Advanced Dungeons and Dragons (LJN),Wave 1,1
Young Male Titan,Figure,Advanced Dungeons and Dragons,Advanced Dungeons and Dragons (LJN),Wave 1,1
Kelek,Figure,Advanced Dungeons and Dragons,Advanced Dungeons and Dragons (LJN),Wave 1,1
Soldiers of Forture 4 Pack,Multi-Pack,A-Team,A-Team 3 3/4 Inch Line,Wave 1,1
Murdock,Figure,A-Team,A-Team 6 Inch Line,Wave 1,1
John Hannibal Smith,Figure,A-Team,A-Team 6 Inch Line,Wave 1,1
Bad Guys: Viper,Figure,A-Team,A-Team 6 Inch Line,Wave 1,1
Bad Guys: Rattler,Figure,A-Team,A-Team 6 Inch Line,Wave 1,1
Bad Guys: Python,Figure,A-Team,A-Team 6 Inch Line,Wave 1,1
Bad Guys: Cobra,Figure,A-Team,A-Team 6 Inch Line,Wave 1,1
B.A. Baracus,Figure,A-Team,A-Team 6 Inch Line,Wave 1,1
Templeton Peck,Figure,A-Team,A-Team 6 Inch Line,Wave 1,1
Great Escape Stunt Set,Accessory,A-Team,Licensed Products,Licensed Products,1
Spinhead Beatlejuice,Figure,Beatlejuice,Vintage Beatlejuice,Wave 1,1
Showtime Beatlejuice,Figure,Beatlejuice,Vintage Beatlejuice,Wave 1,1
Beatlejuice (12inch),Figure,Beatlejuice,Vintage Beatlejuice,Wave 1,1
Adam Maitland,Figure,Beatlejuice,Vintage Beatlejuice,Wave 1,1
Shish Kebab Beatlejuice,Figure,Beatlejuice,Vintage Beatlejuice,Wave 1,1
Exploding Beatlejuice,Figure,Beatlejuice,Vintage Beatlejuice,Wave 2,1
Creapy Cruiser,Vehicle,Beatlejuice,Vintage Beatlejuice,Wave 2,1
Shipwreck Beatlejuice,Figure,Beatlejuice,Vintage Beatlejuice,Wave 2,1
Super Bendable Vinnie,Figure,Biker Mice From Mars,Vintage Biker Mice,Wave 1,1
Super Bendable Throttle,Figure,Biker Mice From Mars,Vintage Biker Mice,Wave 1,1
Super Bendable Modo,Figure,Biker Mice From Mars,Vintage Biker Mice,Wave 1,1
Ghengis Khan,Figure,Bill and Ted's Excellent Adventure,Vintage Bill and Ted,Wave 1,1
Bill and Ted's Jam Session,Multi-Pack,Bill and Ted's Excellent Adventure,Vintage Bill and Ted,Wave 1,1
Warlock Dragon (Green and Yellow),Vehicle,Blackstar,Blackstar,Wave 1,1
Laser Light Klone Cloud Cat,Figure,Blackstar,Blackstar,Wave 2,1
Laser Light Muton,Figure,Blackstar,Blackstar,Wave 3,1
Lenticular Sheriff's Badge,Role Play,Bravestarr,Bravestarr,Bravestarr,1
Laser-Fire Backpack,Accessory,Bravestarr,Bravestarr,Bravestarr,3
30-30 Robotic Stallion,Vehicle,Bravestarr,Bravestarr,Bravestarr,1
Skull Walker,Vehicle,Bravestarr,Bravestarr,Bravestarr,1
Doctor Blight,Figure,Captain Planet,Vintage Captain Planet,Wave 1,1
Cozy Heart Penguin - Mini,Figure,Care Bears,Vintage Care Bears,Minis,1
Professor Coldheart,Figure,Care Bears,Vintage Care Bears,Wave 2,1
Lotsa Heart Elephant with Mighty Trunk,Figure,Care Bears,Vintage Care Bears,Wave 2,1
Gentleheart Lamb with Peek-a-boo Bell,Figure,Care Bears,Vintage Care Bears,Wave 2,1
Cozy Heart Penguin with Nice-Skates,Figure,Care Bears,Vintage Care Bears,Wave 2,1
Cloud Keeper with Fluffy Cloud Broom,Figure,Care Bears,Vintage Care Bears,Wave 2,1
Brightheart Raccoon with Clever Candle,Figure,Care Bears,Vintage Care Bears,Wave 2,1
Braveheart Lion with Trusty Shield,Figure,Care Bears,Vintage Care Bears,Wave 2,1
Baby Tugs Bear with Big Digity Bucket,Figure,Care Bears,Vintage Care Bears,Wave 2,1
Baby Hugs Bear with Sweet Lickity Lolipop,Figure,Care Bears,Vintage Care Bears,Wave 2,1
Swiftheart Rabbit with Speedy Skateboard,Figure,Care Bears,Vintage Care Bears,Wave 2,1
View Master,Accessory,Centurions,Centurions,Licensed Products,1
Vacation on Terror Island,Book,Centurions,Centurions,Licensed Products,1
Turbo Thruster (Toys for Bikes),Accessory,Centurions,Centurions,Licensed Products,1
Jake Rockwell (Pencil Top Eraser),Accessory,Centurions,Centurions,Licensed Products,1
Hacker (Pencil Top Eraser),Accessory,Centurions,Centurions,Licensed Products,1
Dr. Terror (Pencil Top Eraser),Accessory,Centurions,Centurions,Licensed Products,1
Soccer Trophy with Null Figure,Figure,Computer Warriors,Computer Warriors,Vintage,1
Pepsi Can with Gridd Figure,Figure,Computer Warriors,Computer Warriors,Vintage,1
Pencil Sharpener with Minus Figure,Figure,Computer Warriors,Computer Warriors,Vintage,1
Flashlight with Skannar Figure,Figure,Computer Warriors,Computer Warriors,Vintage,1
Book with Indexx Figure,Figure,Computer Warriors,Computer Warriors,Vintage,1
Highway Intercepter with Roadblock,Vehicle,COPS 'N Crooks,Vintage Cops,Wave 1,1
#15 Destro (Profit Director) (Fan),Figure,G.I. Joe,Classifed,2020,1
#14 Storm Shadow (Arctic Mission) (Amazon),Figure,G.I. Joe,Classifed,2020,1
Mobile Field Walkie Talkie Set,Role Play,G.I. Joe,Vintage G.I. Joe,Licenced Products,1
Zap,Figure,G.I. Joe,Vintage G.I. Joe,Wave 1,1
Vamp (repro),Vehicle,G.I. Joe,Vintage G.I. Joe,Wave 1,1
Stalker,Figure,G.I. Joe,Vintage G.I. Joe,Wave 1,1
Snake Eyes,Figure,G.I. Joe,Vintage G.I. Joe,Wave 1,1
Rock 'n Roll,Figure,G.I. Joe,Vintage G.I. Joe,Wave 1,1
MOBAT,Vehicle,G.I. Joe,Vintage G.I. Joe,Wave 1,1
Grunt,Figure,G.I. Joe,Vintage G.I. Joe,Wave 1,1
Cobra Trooper,Figure,G.I. Joe,Vintage G.I. Joe,Wave 1,1
Breaker,Figure,G.I. Joe,Vintage G.I. Joe,Wave 1,1
Big Ben,Figure,G.I. Joe,Vintage G.I. Joe,Wave 10,1
Iguanas,Figure,G.I. Joe,Vintage G.I. Joe,Wave 17,1
Slyther,Figure,G.I. Joe,Vintage G.I. Joe,Wave 17,1
Driver-Cobra H.I.S.S.,Figure,G.I. Joe,Vintage G.I. Joe,Wave 2,1
Driver-Ace,Figure,G.I. Joe,Vintage G.I. Joe,Wave 2,1
Destro,Figure,G.I. Joe,Vintage G.I. Joe,Wave 2,1
Cobra H.I.S.S. (repro),Vehicle,G.I. Joe,Vintage G.I. Joe,Wave 2,1
Cobra H.I.S.S.,Vehicle,G.I. Joe,Vintage G.I. Joe,Wave 2,1
Cobra Commander,Figure,G.I. Joe,Vintage G.I. Joe,Wave 2,1
Driver-Wild Bill,Figure,G.I. Joe,Vintage G.I. Joe,Wave 2,1
Tripwire,Figure,G.I. Joe,Vintage G.I. Joe,Wave 2,2
Torpedo,Figure,G.I. Joe,Vintage G.I. Joe,Wave 2,1
Snow Job,Figure,G.I. Joe,Vintage G.I. Joe,Wave 2,1
Major Bludd,Figure,G.I. Joe,Vintage G.I. Joe,Wave 2,1
Headquarters,Playset,G.I. Joe,Vintage G.I. Joe,Wave 2,1
Gung-Ho,Figure,G.I. Joe,Vintage G.I. Joe,Wave 2,1
Pocket Patrol Pack,Accessory,G.I. Joe,Vintage G.I. Joe,Wave 2,2
Storm Shadow,Figure,G.I. Joe,Vintage G.I. Joe,Wave 3,1
Scrap-Iron,Figure,G.I. Joe,Vintage G.I. Joe,Wave 3,1
Roadblock,Figure,G.I. Joe,Vintage G.I. Joe,Wave 3,1
Baroness,Figure,G.I. Joe,Vintage G.I. Joe,Wave 3,1
Blowtorch,Figure,G.I. Joe,Vintage G.I. Joe,Wave 3,1
Chameleon,Vehicle,G.I. Joe,Vintage G.I. Joe,Wave 3,1
Firefly,Figure,G.I. Joe,Vintage G.I. Joe,Wave 3,1
Driver: Zartan,Figure,G.I. Joe,Vintage G.I. Joe,Wave 3,1
Driver: Wild Weasel,Figure,G.I. Joe,Vintage G.I. Joe,Wave 3,1
Driver: Deep Six,Figure,G.I. Joe,Vintage G.I. Joe,Wave 3,1
Driver: Cutter,Figure,G.I. Joe,Vintage G.I. Joe,Wave 3,1
Driver: Copperhead,Figure,G.I. Joe,Vintage G.I. Joe,Wave 3,1
Driver: Cobra Stinger Driver,Figure,G.I. Joe,Vintage G.I. Joe,Wave 3,1
Buzzer,Figure,G.I. Joe,Vintage G.I. Joe,Wave 4,1
Alpine,Figure,G.I. Joe,Vintage G.I. Joe,Wave 4,1
Airtight,Figure,G.I. Joe,Vintage G.I. Joe,Wave 4,1
Buzzer,Figure,G.I. Joe,Vintage G.I. Joe,Wave 4,1
Crimson Guard,Figure,G.I. Joe,Vintage G.I. Joe,Wave 4,1
Shipwreck,Figure,G.I. Joe,Vintage G.I. Joe,Wave 4,1
Quick Kick,Figure,G.I. Joe,Vintage G.I. Joe,Wave 4,1
Lady Jaye,Figure,G.I. Joe,Vintage G.I. Joe,Wave 4,1
Dusty,Figure,G.I. Joe,Vintage G.I. Joe,Wave 4,1
Driver: Lampreys,Figure,G.I. Joe,Vintage G.I. Joe,Wave 4,1
Driver: Frostbite,Figure,G.I. Joe,Vintage G.I. Joe,Wave 4,1
Snow Serpent,Figure,G.I. Joe,Vintage G.I. Joe,Wave 4,1
Xamot,Figure,G.I. Joe,Vintage G.I. Joe,Wave 4,1
Tomax,Figure,G.I. Joe,Vintage G.I. Joe,Wave 4,1
Wet-Suit,Figure,G.I. Joe,Vintage G.I. Joe,Wave 5,1
Monkeywrench,Figure,G.I. Joe,Vintage G.I. Joe,Wave 5,1
Low-Light,Figure,G.I. Joe,Vintage G.I. Joe,Wave 5,1
Zarana,Figure,G.I. Joe,Vintage G.I. Joe,Wave 5,1
Leatherneck,Figure,G.I. Joe,Vintage G.I. Joe,Wave 5,1
Iceberg,Figure,G.I. Joe,Vintage G.I. Joe,Wave 5,1
Beach Head,Figure,G.I. Joe,Vintage G.I. Joe,Wave 5,1
Conquest X-30,Vehicle,G.I. Joe,Vintage G.I. Joe,Wave 5,1
Dial-Tone,Figure,G.I. Joe,Vintage G.I. Joe,Wave 5,1
Driver: Slip-Stream,Figure,G.I. Joe,Vintage G.I. Joe,Wave 5,1
Driver: Lift-Ticket,Figure,G.I. Joe,Vintage G.I. Joe,Wave 5,1
Driver: A.V.A.C,Figure,G.I. Joe,Vintage G.I. Joe,Wave 5,1
Dr. Mindbender,Figure,G.I. Joe,Vintage G.I. Joe,Wave 5,1
Chuckles,Figure,G.I. Joe,Vintage G.I. Joe,Wave 6,1
Croc Master,Figure,G.I. Joe,Vintage G.I. Joe,Wave 6,1
Falcon,Figure,G.I. Joe,Vintage G.I. Joe,Wave 6,1
Driver: Ice Viper,Figure,G.I. Joe,Vintage G.I. Joe,Wave 6,1
Driver: Hardtop,Figure,G.I. Joe,Vintage G.I. Joe,Wave 6,1
Tunnel Rat,Figure,G.I. Joe,Vintage G.I. Joe,Wave 6,1
Law & Order,Figure,G.I. Joe,Vintage G.I. Joe,Wave 6,1
Driver: Armadillo,Figure,G.I. Joe,Vintage G.I. Joe,Wave 7,1
Night-Viper,Figure,G.I. Joe,Vintage G.I. Joe,Wave 8,1
Alley-Viper,Figure,G.I. Joe,Vintage G.I. Joe,Wave 8,1
Frag-Viper,Figure,G.I. Joe,Vintage G.I. Joe,Wave 8,1
Bullhorn,Figure,G.I. Joe,Vintage G.I. Joe,Wave 9,1
Night-Creeper,Figure,G.I. Joe,Vintage G.I. Joe,Wave 9,1
Metal-Head,Figure,G.I. Joe,Vintage G.I. Joe,Wave 9,1
Rock Lords: A Giant Coloring Book,Accessory,Go Bots,Rock Lords,Rock Lords,1
Boulder,Figure,Go Bots,Rock Lords,Rock Lords,1
Rock Commander,Vehicle,Go Bots,Rock Lords,Wave 1 (Japanese Only),1
Super Destroyer,Figure,Go Bots,Super Go Bots,Super Go Bots,1
Super Baron Von Joy,Figure,Go Bots,Super Go Bots,Super Go Bots,1
Good Knight (34),Figure,Go Bots,Vintage Go Bots,Vintage,1
Monsterous,Figure,Go Bots,Vintage Go Bots,Vintage,1
Binoc,Figure,Go Bots,Vintage Go Bots,Vintage,1
Creepy Mail Away Exclusive,Figure,Go Bots,Vintage Go Bots,Vintage,1
Creepy (56),Figure,Go Bots,Vintage Go Bots,Vintage,1
Staks Transport (blue),Figure,Go Bots,Vintage Go Bots,Vintage,1
Water Walk (32),Figure,Go Bots,Vintage Go Bots,Vintage,1
Road Ranger (18),Figure,Go Bots,Vintage Go Bots,Vintage,1
Puzzler,Figure,Go Bots,Vintage Go Bots,Vintage,1
Path Finder (29),Figure,Go Bots,Vintage Go Bots,Vintage,1
Rumble,Figure,Go Bots,Vintage Go Bots,Vintage,1
Forest Fantasy: Jade,Fashion,Golden Girl,Golden Girl,Golden Girl,2
Forest Fantasy: Dragon Queen,Fashion,Golden Girl,Golden Girl,Golden Girl,1
Forest Fantasy: Saphire,Fashion,Golden Girl,Golden Girl,Golden Girl,1
Festival Spirit: Vultura,Fashion,Golden Girl,Golden Girl,Golden Girl,1
Festival Spirit: Rubee,Fashion,Golden Girl,Golden Girl,Golden Girl,2
Festival Spirit: Jade,Fashion,Golden Girl,Golden Girl,Golden Girl,1
Festival Spirit: Dragon Queen,Fashion,Golden Girl,Golden Girl,Golden Girl,2
Forest Fantasy: Wild One,Fashion,Golden Girl,Golden Girl,Golden Girl,2
Golden Girl,Figure,Golden Girl,Golden Girl,Golden Girl,1
Wild One,Figure,Golden Girl,Golden Girl,Golden Girl,1
Vultura,Figure,Golden Girl,Golden Girl,Golden Girl,1
Rubee,Figure,Golden Girl,Golden Girl,Golden Girl,1
Onyx,Figure,Golden Girl,Golden Girl,Golden Girl,1
Moth Lady,Figure,Golden Girl,Golden Girl,Golden Girl,1
Jade,Figure,Golden Girl,Golden Girl,Golden Girl,1
Evening Enchantment: Jade,Fashion,Golden Girl,Golden Girl,Golden Girl,1
Dragon Queen,Figure,Golden Girl,Golden Girl,Golden Girl,1
Jem / Jerica,Figure,Jem,Vintage Jem,Wave 1,1
Glitter and Gold Jem/Jerica,Figure,Jem,Vintage Jem,Wave 2,1
Kreese (Breakaway Wall),Figure,Karate Kid,Karate Kid,Karate Kid,1
Thunderhawk,Vehicle,M.A.S.K.,M.A.S.K.,Wave 1,1
T-Bob and Scott Tracker,Multi-Pack,M.A.S.K.,M.A.S.K.,Wave 1,1
Razerback,Vehicle,M.A.S.K.,M.A.S.K.,Wave 3,1
Bulldog,Vehicle,M.A.S.K.,M.A.S.K.,Wave 3,1
Hard Knockin' Rockin' Ring Wrestling Arena,Playset,M.U.S.C.L.E.,Vintage M.U.S.C.L.E.,Wave 1,1
M182 Alice,Figure,Micromen,Micromen Command Series,Micromen Command Series,1
M151 East,Figure,Micromen,Micromen Command Series,Micromen Command Series,1
Talking PeeWee,Role Play,PeeWee's Playhouse,Vintage PeeWee,PeeWee's Playhouse,1
Pterri,Figure,PeeWee's Playhouse,Vintage PeeWee,PeeWee's Playhouse,1
PeeWee Herman,Figure,PeeWee's Playhouse,Vintage PeeWee,PeeWee's Playhouse,1
Large Pterri,Role Play,PeeWee's Playhouse,Vintage PeeWee,PeeWee's Playhouse,1
Large Chairry,Role Play,PeeWee's Playhouse,Vintage PeeWee,PeeWee's Playhouse,1
Zooli,Figure,Pirates of Darkwater,Pirates of Darkwater,Pirates of Darkwater,1
SWAT Eugene Tackleberry,Figure,Police Academy,Police Academy,Wave 2,1
Flunghi,Figure,Police Academy,Police Academy,Wave 2,1
Undercover Carey Mahoney,Figure,Police Academy,Police Academy,Wave 3,1
Snack Attack House,Figure,Police Academy,Police Academy,Wave 3,1
Sky Gliden Zed,Figure,Police Academy,Police Academy,Wave 3,1
Adam Power,Figure,Power Lords,Vintage Power Lords,Vintage,1
Ggripptogg,Figure,Power Lords,Vintage Power Lords,Vintage,1
Sydot the Supreme,Figure,Power Lords,Vintage Power Lords,Vintage,1
Bones,Figure,Power Rangers,Mighty Morphin Power Rangers,Wave 1,1
Blue Ranger,Figure,Power Rangers,Mighty Morphin Power Rangers,Wave 1,1
Baboo,Figure,Power Rangers,Mighty Morphin Power Rangers,Wave 1,1
King Sphinx,Figure,Power Rangers,Mighty Morphin Power Rangers,Wave 1,1
Tyrannosaurus Battle Bike,Vehicle,Power Rangers,Mighty Morphin Power Rangers,Wave 1,1
Saba the Tiger Sabre,Accessory,Power Rangers,Mighty Morphin Power Rangers,Wave 1,1
Pink Ranger,Figure,Power Rangers,Mighty Morphin Power Rangers,Wave 1,1
Pirantis Head,Figure,Power Rangers,Mighty Morphin Power Rangers,Wave 2,1
Killer Bite Slippery Shark,Figure,Power Rangers,Mighty Morphin Power Rangers,Wave 2,1
Karate Kickin Trini,Figure,Power Rangers,Mighty Morphin Power Rangers,Wave 2,1
Power Dome Morphin Playset,Playset,Power Rangers,Mighty Morphin Power Rangers,Wave 2,1
Guitardo,Figure,Power Rangers,Mighty Morphin Power Rangers,Wave 2,1
Goo Fish,Figure,Power Rangers,Mighty Morphin Power Rangers,Wave 2,1
Red Dragon Thunderzord,Vehicle,Power Rangers,Mighty Morphin Power Rangers,Wave 2,1
White Tigerzord with White Ranger,Vehicle,Power Rangers,Mighty Morphin Power Rangers,Wave 2,1
Tor the Shuttlezord,Vehicle,Power Rangers,Mighty Morphin Power Rangers,Wave 2,1
Socadillo,Figure,Power Rangers,Mighty Morphin Power Rangers,Wave 2,1
Snapping Chest Flytrap,Figure,Power Rangers,Mighty Morphin Power Rangers,Wave 3,1
Head Butting Robo Goat,Figure,Power Rangers,Mighty Morphin Power Rangers,Wave 3,1
Evil Light Lord Zed,Figure,Power Rangers,Mighty Morphin Power Rangers,Wave 3,1
Stay-Puft Marshmallow Man,Figure,Real Ghostbusters,Hasbro Retro Ghostbusters,Wave 1,1
Winston Zedmore with Chomper Ghost,Figure,Real Ghostbusters,Hasbro Retro Ghostbusters,Wave 1,1
Ghostzapper,Role Play,Real Ghostbusters,Vintage Real Ghostbusters,Wave 1,1
Gooper Ghost-Sludge Bucket,Figure,Real Ghostbusters,Vintage Real Ghostbusters,Wave 2,1
Bad-Too-The-Bone Ghost,Figure,Real Ghostbusters,Vintage Real Ghostbusters,Wave 2,1
Fright Feature Winston Zedmore,Figure,Real Ghostbusters,Vintage Real Ghostbusters,Wave 3,1
Fright Feature Ray Stantz,Figure,Real Ghostbusters,Vintage Real Ghostbusters,Wave 3,1
Fright Feature Peter Venkman,Figure,Real Ghostbusters,Vintage Real Ghostbusters,Wave 3,1
Fright Feature Egon Spangler,Figure,Real Ghostbusters,Vintage Real Ghostbusters,Wave 3,1
Firehouse,Playset,Real Ghostbusters,Vintage Real Ghostbusters,Wave 3,1
Haunted Human: Ex-Cop,Figure,Real Ghostbusters,Vintage Real Ghostbusters,Wave 4,1
Fright Feature: Janine Melnitz,Figure,Real Ghostbusters,Vintage Real Ghostbusters,Wave 4,1
Finger Pop Fiends,Figure,Real Ghostbusters,Vintage Real Ghostbusters,Wave 6,1
Battle Blaster,Vehicle,Ring Raiders,Ring Raiders,Wave 1,1
Steelwill Ultrasonic Suit,Figure,Silverhawks,Silverhawks,Wave 2,1
Moon Styker with Tail-Spin,Figure,Silverhawks,Silverhawks,Wave 2,1
Bluegrass Ultrasonic Suit,Figure,Silverhawks,Silverhawks,Wave 2,1
Klingon,Figure,Star Trek,Star Trek,Wave 1,1
Doctor McCoy,Figure,Star Trek,Star Trek,Wave 1,1
Captain Kirk,Figure,Star Trek,Star Trek,Wave 1,1
Deadeye and Cricket (Cosmittor),Figure,Starriors,Starriors,Wave 1,1
Windstorm (Vultor),Figure,Starriors,Starriors,Wave 1,1
Twinhorn (Stalkor),Figure,Starriors,Starriors,Wave 1,1
Party Pleasers: Mint Tulip with Marsh Mallard,Figure,Strawberry Shortcake,Vintage Strawberry Shortcake,Wave 5,1
Party Pleasers: Apple Dumplin with TeaTime Turtle,Figure,Strawberry Shortcake,Vintage Strawberry Shortcake,Wave 5,1
Party Pleasers: Angel Cake with Souffle Skunk,Figure,Strawberry Shortcake,Vintage Strawberry Shortcake,Wave 5,1
Berry Baby Orange Blossom with Bottle,Figure,Strawberry Shortcake,Vintage Strawberry Shortcake,Wave 5,1
Vamp-Paw,Figure,Supernaturals,Supernaturals,Supernaturals,1
Teddy Ruxpin,Plush,Teddy Ruxpin,Teddy Ruxpin,Wave 1,1
The Missing Princess - Book & Tape,Book,Teddy Ruxpin,Teddy Ruxpin,Wave 1,1
The Wooly What's-It - Book & Tape,Book,Teddy Ruxpin,Teddy Ruxpin,Wave 1,1
Teddy Ruxpin Lullabys - Book & Tape,Book,Teddy Ruxpin,Teddy Ruxpin,Wave 1,1
The Story of the Faded Fobs - Book & Tape,Book,Teddy Ruxpin,Teddy Ruxpin,Wave 1,1
Grubby's Romance - Book & Tape,Book,Teddy Ruxpin,Teddy Ruxpin,Wave 1,1
Teddy Ruxpin's Birthday - Book & Tape,Book,Teddy Ruxpin,Teddy Ruxpin,Wave 1,1
Tweeg and the Bounders - Book & Tape,Book,Teddy Ruxpin,Teddy Ruxpin,Wave 1,1
Teddy's Winter Adventure - Book & Tape,Book,Teddy Ruxpin,Teddy Ruxpin,Wave 1,1
Land of Grundo Map,Accessory,Teddy Ruxpin,Teddy Ruxpin,Wave 1,1
Teddy and the Mudblups - Book & Tape,Book,Teddy Ruxpin,Teddy Ruxpin,Wave 1,1
Grunge Music - Book & Tape,Book,Teddy Ruxpin,Teddy Ruxpin,Wave 1,1
Wobble Writer Pen - Raphael,Accessory,Teenage Muntant Ninja Turtles,TMNT 2003,Licensed Products,1
Wobble Writer Pen - Donatello,Accessory,Teenage Muntant Ninja Turtles,TMNT 2003,Licensed Products,1
Wobble Writer Pen - Leonardo,Accessory,Teenage Mutant Ninja Turtles,TMNT 2003,Licensed Products,1
Wobble Writer Pen - Michael Angelo,Accessory,Teenage Mutant Ninja Turtles,TMNT 2003,Licensed Products,1
Cork Board,Accessory,Thunder Cats,Vintage Thunder Cats,Licenced Products,1
Mail Away Mumm-Ra (Mummy),Figure,Thundercats,Vintage Thundercats,Wave 1,1
Berbil Bell,Figure,Thundercats,Vintage Thundercats,Wave 2,1
Berbil Bill,Figure,Thundercats,Vintage Thundercats,Wave 2,1
Berbil Burt,Figure,Thundercats,Vintage Thundercats,Wave 2,1
Cat's Layer,Playset,Thundercats,Vintage Thundercats,Wave 2,1
Top Spinner,Figure,Thundercats,Vintage Thundercats,Wave 2,1
Ram Bam,Figure,Thundercats,Vintage Thundercats,Wave 2,1
Ma-Mutt,Figure,Thundercats,Vintage Thundercats,Wave 2,1
Hammerhand,Figure,Thundercats,Vintage Thundercats,Wave 2,1
Krok,Figure,Transformers,G1 Transformers,Transformers: Action Masters,1
Banzai-Tron,Figure,Transformers,G1 Transformers,Transformers: Action Masters,1
Electric Train and Battle Set,Playset,Transformers,G1 Transformers,Wave 1,1
Warrior,Figure,Tron,Tron,Tron,1
Tron,Figure,Tron,Tron,Tron,1
Flynn,Figure,Tron,Tron,Tron,1
Sark,Figure,Tron,Tron,Tron,1
The Thing,Figure,World's Greatest Super Heros,World's Greatest Superheros,World's Greatest Super Heros,1
Spiderman,Figure,World's Greatest Super Heros,World's Greatest Superheros,World's Greatest Super Heros,1
Green Goblin,Figure,World's Greatest Super Heros,World's Greatest Superheros,World's Greatest Super Heros,1
Mr. Fantastic,Figure,World's Greatest Super Heros,World's Greatest Superheros,World's Greatest Super Heros,1
Invisible Girl,Figure,World's Greatest Super Heros,World's Greatest Superheros,World's Greatest Super Heros,1
Human Torch,Figure,World's Greatest Super Heros,World's Greatest Superheros,World's Greatest Super Heros,1
