catalog_item_id,item,quantity_owned,complete,packaged,sealed,access_note_count
46742,Elkhorn Good Dwarf Fighter,1,1,1,1,0
46716,Ringlerun,1,1,1,1,0
46715,Ogre King,1,1,1,1,0
46719,Young Male Titan,1,1,1,1,0
46711,Kelek,1,1,1,1,0
46756,Evil Nightmare,1,1,1,1,0
46755,Destrier,1,1,1,1,0
46753,Tiamat,1,1,1,1,0
46768,Odious Ogre & Book of Magic,1,1,1,1,1
46760,Fortress of Fangs,1,0,0,0,1
52377,Soldiers of Forture 4 Pack,1,1,1,1,0
52382,Combat Headquarters Set,1,1,1,0,0
52391,Murdock,1,1,1,1,0
52390,John Hannibal Smith,1,1,1,1,0
52394,Bad Guys: Viper,1,1,1,1,0
52393,Bad Guys: Rattler,1,1,1,1,0
52392,Bad Guys: Python,1,1,1,1,0
52388,Bad Guys: Cobra,1,1,1,1,0
52387,B.A. Baracus,1,1,1,1,0
52389,Templeton Peck,1,1,1,1,0
5702520,Great Escape Stunt Set,1,1,1,0,0
52398,A-Team Colorforms,1,1,1,0,0
52399,A-Team Grenade Toss,1,1,1,0,1
14267,AMC Barbie Car,1,1,0,0,0
63585,Sergeant Shoat N. Sweet,1,1,1,1,0
63577,Major Legger Mutton,1,1,1,1,0
63576,General Hamfat Lardo,1,1,1,1,0
63575,Commodore Fleece Cardigan,1,1,1,1,0
85953,Vanishing Vault,1,1,1,1,0
85963,Spinhead Beatlejuice,1,1,1,1,0
85962,Showtime Beatlejuice,1,1,1,1,0
85965,Otho the Obnoxious,1,1,1,1,0
85964,Harry the Haunted,1,1,1,1,0
85968,Beatlejuice (12inch),1,1,1,0,0
85960,Adam Maitland,1,1,1,1,0
85961,Shish Kebab Beatlejuice,1,1,1,1,0
85955,Neighborhood Nasties: Old Buzzard,1,1,1,1,0
85954,Neighborhood Nasties: Hungry Hog,1,1,1,1,0
85958,Gross Out Meter,1,1,1,1,0
85966,Exploding Beatlejuice,1,1,1,1,0
85951,Creapy Cruiser,1,1,1,0,0
85956,Neighborhood Nasties: Street Rat,1,1,1,1,0
85957,Neighborhood Nasties: Teacher Creature,1,1,1,1,0
85952,Phantom Flyer,1,1,1,1,0
85967,Shipwreck Beatlejuice,1,1,1,1,0
85959,Snake Mask,1,1,1,1,0
192426,Super Bendable Vinnie,1,1,1,1,0
192424,Super Bendable Throttle,1,1,1,1,0
192421,Super Bendable Modo,1,1,1,1,0
192415,Home-Run Throttle,1,1,1,1,0
203655,Ted Theodore Logan,1,1,1,1,0
203654,Rufus,1,1,1,1,0
203646,Phone Booth,1,1,1,1,0
203653,Grim Reaper,1,1,1,1,0
203652,Ghengis Khan,1,1,1,1,0
203650,Bill S. Preston Esq.,1,1,1,1,0
203647,Bill and Ted's Jam Session,1,1,1,1,0
203649,Abe Lincoln,1,1,1,1,0
214882,Glove,1,1,1,1,0
214892,Secret Headquarters,1,1,1,0,0
226118,Warlock Dragon (Green and Yellow),1,1,1,1,0
226116,Trobbit Wind Machine,1,1,1,1,0
226114,Spaceship (Red),1,1,1,1,0
226125,Palace Guard,1,1,1,0,1
226136,Laser Light Klone Cloud Cat,1,1,0,0,0
226134,Laser Light Gargo,1,1,1,1,0
226138,Laser Light Muton,1,1,1,1,0
226143,Laser Light Vizir,1,1,1,1,0
226144,Laser Light White Knight,1,1,1,1,0
248595,Outlaw Skuzz,1,1,1,1,1
248602,Neutra Laser,2,0,0,0,2
248603,Lenticular Sheriff's Badge,1,1,0,0,1
248600,Laser-Fire Tex Hex,1,1,1,1,1
248599,Laser-Fire BraveStarr,1,1,1,1,0
248588,Heroic Laser-Fire Backpack,1,1,1,1,0
248584,Evil Laser-Fire Backpack,1,1,1,0,0
248593,Handle Bar,1,1,1,1,1
248587,Fort Kerium Command Center with Bank and Jail,1,1,1,1,0
248585,Fort Kerium Bank and Jail,1,1,1,1,0
248592,Deputy Fuzz,1,1,1,1,1
248591,Col. Borobot,1,1,1,0,0
248590,30-30 Robotic Stallion,1,1,1,1,0
248596,Sand Storm,1,1,1,1,1
6044823,Skull Walker,1,1,1,1,0
248589,Stratocoach,1,1,1,1,0
248598,Thunder Stick,1,1,1,1,0
271055,Willy DuWitt,1,1,1,1,0
271054,Toadborg,1,1,1,1,0
271053,Toad Double Bubble,1,1,1,1,0
271052,Toad Croaker,1,1,1,1,0
271051,Toad Air Marshall,1,1,1,1,0
271049,Dead-Eye Duck,1,1,1,0,0
271048,Commander Dogstar,1,1,1,1,0
271047,Bucky O'Hare,1,1,1,1,0
271046,Bruiser,1,1,1,1,0
271045,Al Negator,1,1,1,1,0
271044,A.F.C. Blinky,1,1,1,1,0
271050,Storm Toad Trooper,1,1,1,1,0
307858,Captain Planet (Arctic),1,1,1,1,0
307884,Hoggish Greedly,1,1,1,1,0
307889,Eco-Cycle,1,1,1,1,0
307894,Duke's Exploding Reactor,1,1,1,1,0
307886,Duke Nukem (Glows in the Dark),1,1,1,1,0
307883,Doctor Blight,1,1,1,1,0
307874,Commander Clash,1,1,1,1,0
318068,Walkie Talkies,1,1,1,0,0
317924,Power Base Fortress,1,1,1,1,0
317922,Phantom Striker,1,1,1,1,0
317919,Lord Dread,1,1,1,1,0
317916,Dread Stalker,1,1,1,1,0
317915,Captain Power,1,1,1,1,0
317913,Blast Starr Ground Guardian,1,1,1,1,0
317925,Power Jet XT-7,1,1,1,1,0
317927,Power On Energizer,1,1,1,1,0
317931,Tank Ellis,1,1,1,1,0
317930,Soarin' Sky Sentry,1,1,1,1,0
318286,Pilot Chase,1,1,1,1,0
318287,Scout Baker,1,1,1,1,0
321386,Cozy Heart Penguin - Mini,1,1,1,1,0
321303,Funshine Bear with Suncatcher,1,1,1,1,0
321388,Cloudmobile,1,1,1,0,0
321301,Cheer Bear with Merry Megaphone,1,1,1,1,0
321314,Champ Bear with Good Sport Trophy,1,1,1,1,0
321387,Care-A-Lot,1,1,1,0,1
321299,Bedtime Bear with Snooze Alarm,1,1,1,1,0
321304,Goodluck Bear with Happy-go-lucky-shovel,1,1,1,1,0
321305,Grumpy Bear with Dumbrella,1,1,1,1,0
321306,Love-A-Lot Bear with Bouquet of Hearts,1,1,1,1,0
321308,Wish Bear with Star-a-scope,1,1,1,1,0
321307,Tenderheart Bear with Caring Heart Mirror,1,1,1,1,0
321315,Share Bear with Share-a-like Shake,1,1,1,1,0
321312,Professor Coldheart,1,1,1,1,0
321317,Lotsa Heart Elephant with Mighty Trunk,1,1,1,1,0
321311,Grams Bear with Lovin Basket,1,1,1,1,0
321319,Gentleheart Lamb with Peek-a-boo Bell,1,1,1,1,0
321302,Friend Bear with Friendly Sprinkler,1,1,1,1,0
321320,Cozy Heart Penguin with Nice-Skates,1,1,1,1,0
321313,Cloud Keeper with Fluffy Cloud Broom,1,1,1,1,0
321316,Brightheart Raccoon with Clever Candle,1,1,1,1,0
321321,Braveheart Lion with Trusty Shield,1,1,1,1,0
321300,Birthday Bear with Happy Birthday Banner,1,1,1,1,0
321310,Baby Tugs Bear with Big Digity Bucket,1,1,1,1,0
321309,Baby Hugs Bear with Sweet Lickity Lolipop,1,1,1,1,0
321318,Swiftheart Rabbit with Speedy Skateboard,1,1,1,1,0
6326791,View Master,1,1,1,1,1
6326790,Vacation on Terror Island,1,1,0,0,1
6326789,Turbo Thruster (Toys for Bikes),1,1,1,1,0
6326788,Jake Rockwell (Pencil Top Eraser),1,1,1,1,1
6326787,Hacker (Pencil Top Eraser),1,1,1,1,1
6326786,Dr. Terror (Pencil Top Eraser),1,1,1,1,1
328115,Orbital Interceptor,1,1,1,0,0
328111,Max Ray with Cruiser,1,1,0,0,0
328110,Jake Rockwell with Fireforce,1,1,0,0,0
328109,Hacker,1,1,1,1,0
328106,Doc Terror,1,1,1,1,0
328105,Ace McCloud with Sky Knight,1,1,0,0,0
328120,Wild Weasel,1,1,1,0,0
334838,Soccer Trophy with Null Figure,1,1,1,1,0
334831,Romm,1,1,1,1,0
334839,Pepsi Can with Gridd Figure,1,1,1,0,0
334837,Pencil Sharpener with Minus Figure,1,1,1,0,0
334842,Megahert,1,1,1,1,0
334833,Flashlight with Skannar Figure,1,1,1,1,0
334841,Debugg,1,1,1,1,0
334836,Book with Indexx Figure,1,1,1,0,0
334840,Asynk,1,1,1,1,0
341564,A.P.E.S.,1,1,1,1,0
341552,Barricade,1,1,1,1,0
341559,Berserko,1,1,1,1,0
341560,Big Boss,1,1,1,1,0
341575,Nightmare,1,1,1,1,0
341574,Louie the Plumber,1,1,1,1,0
341555,Longarm,1,1,1,1,0
341573,Koo Koo,1,1,1,1,0
341578,Jail Bird Air Speeder,1,1,1,1,0
341567,Inferno,1,1,1,1,0
341572,Hyena,1,1,1,1,0
341581,Highway Intercepter with Roadblock,1,1,1,1,0
341580,Dragster,1,1,1,1,0
341562,Dr. Badvibes,1,1,1,1,0
341561,Buttons McBoomboom,1,1,1,1,0
341571,Bullit,1,1,1,1,0
341553,Bullet-Proof,1,1,1,1,0
341568,Nightstick,1,1,1,1,0
341556,Officer Bowzer and Blitz,1,1,1,1,0
341583,Pursuit Jet,1,1,1,1,0
341558,Sundown,1,1,1,1,0
341563,Rock Krusher,2,0,0,0,0
341569,Powder Keg,1,1,1,1,0
442250,Launchpad McQuack,1,1,1,1,0
442252,Honker Muddlefoot,1,1,1,1,0
442251,Gosalyn Mallard,1,1,1,1,0
442249,Darkwing Duck,1,1,1,1,0
442256,Megavolt,1,1,1,1,0
469090,Garax,1,1,1,1,0
469096,Flash Sword Ship,1,1,1,1,0
469089,Flash Gordon,1,1,1,1,0
469091,Lothar,1,1,1,1,0
469092,Mandrake the Magician,1,1,1,1,0
469100,Phantom Skull Copter,1,1,1,1,0
469099,Mongor,1,1,1,1,0
469093,Ming the Merciless,1,1,1,1,0
495939,Taco Terror,1,1,1,1,0
495937,Short Stack (Maple Syrup),1,1,1,1,0
495931,Sergeant Scoop (Chocolate),1,1,1,1,0
495930,Private Pizza,1,1,1,1,0
495936,Mean Weener,1,1,1,1,0
495928,Major Munch (Chocolate Frosting),1,1,1,1,0
495927,Lieutenant Legg,1,1,1,1,0
495935,Fat Frenchy,1,1,1,1,0
495933,Chip the Ripper (Chocolate Chip),1,1,1,1,0
495926,Burgerdier General,1,1,1,1,0
730663,#7 Gung Ho,1,1,1,1,0
730662,#6 Cobra Commander,1,1,1,1,0
730661,#5 Scarlett,1,1,1,1,0
730660,#4 Duke,1,1,1,1,0
730659,#3 Destro,1,1,1,1,0
730666,#15 Destro (Profit Director) (Fan),1,1,1,1,0
730665,#14 Storm Shadow (Arctic Mission) (Amazon),1,1,1,1,0
730657,#1 Roadblock,1,1,1,1,0
730677,#26 Flint,1,1,1,1,0
730676,#25 Lady Jaye,1,1,1,1,0
730675,#24 Cobra Infantry,1,1,1,1,0
730674,#23 Zartan,1,1,1,1,0
16624,Funskool Tunnel Rat,1,1,1,1,0
16623,Funskool Red Dog,1,1,1,1,0
16622,Funskool Law,1,1,1,1,0
16621,Funskool Grunt,1,1,1,1,0
6368617,Mobile Field Walkie Talkie Set,1,1,1,0,1
710039,Zap,1,1,0,0,1
710038,Vamp (repro),1,1,0,0,1
710037,Stalker,1,1,0,0,0
710036,Snake Eyes,1,1,0,0,0
710034,Scarlet,1,1,0,0,1
710033,Rock 'n Roll,1,1,0,0,1
710031,MOBAT,1,1,1,0,0
710026,Grunt,1,1,0,0,1
710025,Flash,1,1,0,0,0
710020,Driver-Clutch,1,1,0,0,0
710019,Cobra Trooper,1,1,0,0,0
710016,Breaker,1,1,0,0,1
710425,Big Ben,1,1,0,0,0
710440,Lifeline (V3): Mail Order,1,1,0,0,0
710429,Dusty (V3),1,1,0,0,1
710428,Desert Scorpion,1,1,0,0,0
710445,Snake Eyes (V4),1,1,1,1,0
710459,Big Bear,1,1,0,0,0
710464,DEF: Headman,1,1,1,1,0
710465,DEF: Mutt & Junkyard (V3),1,1,1,1,0
710484,Ninja Force: Dojo,1,1,0,0,1
710472,Eels (V2),1,1,0,0,0
710471,Eco Warrior: Toxo-Zombie,1,1,0,0,0
710558,Ninja Force: Snake Eyes (V5),1,1,0,0,0
710587,Lobotomaxx,1,1,1,1,0
765116,Iguanas,1,1,1,1,1
765117,Slyther,1,1,1,1,1
765118,War Wolf,1,1,1,1,1
710052,Driver-Cover Girl,1,1,0,0,0
710050,Driver-Cobra H.I.S.S.,1,1,0,0,0
710049,Driver-Ace,1,1,0,0,0
710048,Dragonfly,1,1,0,0,1
710047,Doc,1,1,0,0,0
710046,Destro,1,1,0,0,0
710050,Cobra H.I.S.S. (repro),1,1,0,0,1
710050,Cobra H.I.S.S.,1,1,0,0,1
710043,Cobra Commander,1,1,0,0,1
710042,Chinese Major Bludd,1,1,1,1,0
710041,APC,1,1,1,0,0
710040,Airborn,1,1,0,0,0
710055,Driver-Wild Bill,1,1,0,0,0
710071,Tripwire,2,0,0,0,1
710070,Torpedo,1,1,0,0,0
710069,Snow Job,1,1,0,0,0
710068,Sky Striker,2,0,0,0,1
710074,Wolverine,1,1,1,0,0
710064,Major Bludd,1,1,0,0,0
710061,Headquarters Command Center,1,1,1,0,0
710060,Headquarters,1,1,1,0,0
710059,Gung-Ho,1,1,0,0,0
6399772,Pocket Patrol Pack,2,0,2,0,0
710104,Storm Shadow,1,1,0,0,0
710102,Spirit,1,1,0,0,0
710099,Scrap-Iron,1,1,0,0,0
710106,W.H.A.L.E.,1,1,0,0,1
710098,S.H.A.R.C.,1,1,1,0,0
710097,Roadblock,1,1,0,0,1
710075,Baroness,1,1,0,0,0
710076,Blowtorch,1,1,0,0,0
710077,Chameleon,1,1,0,0,0
710094,Mutt,1,1,0,0,1
710092,Hooded Cobra Commander: Mail Order (V2),1,1,0,0,0
710091,Firefly,1,1,0,0,0
710089,Driver: Zartan,1,1,0,0,0
710088,Driver: Wild Weasel,1,1,0,0,0
710087,Driver: Thunder,1,1,0,0,0
710086,Driver: Deep Six,1,1,0,0,0
710085,Driver: Cutter,1,1,0,0,0
710084,Driver: Copperhead,1,1,0,0,1
710083,Driver: Cobra Stinger Driver,1,1,0,0,0
710081,Cobra Water Moccasin,1,1,1,0,0
710080,Cobra Rattlor,1,1,1,0,0
710114,Buzzer,1,1,1,1,0
710112,Bazooka,1,1,0,0,0
710111,Barbeque,2,0,0,0,1
710109,Alpine,1,1,0,0,1
710108,Airtight,1,1,0,0,1
710114,Buzzer,1,1,0,0,0
710115,Cobra Hydrofoil,1,1,0,0,0
710116,Crimson Guard,1,1,0,0,0
710133,Shipwreck,1,1,0,0,1
710132,Ripper,1,1,0,0,0
710131,Quick Kick,1,1,0,0,1
710130,Moray,1,1,0,0,0
710128,Lady Jaye,1,1,0,0,0
710124,Eels,1,1,0,0,0
710123,Dusty,1,1,0,0,0
710122,Driver: Tollbooth,1,1,0,0,0
710121,Driver: Lampreys,1,1,0,0,0
710120,Driver: Keel Haul,1,1,0,0,0
710118,Driver: Frostbite,1,1,0,0,0
710135,Snake Eyes (V2),1,1,0,0,0
710137,Snow Serpent,1,1,0,0,0
710147,Xamot,1,1,1,1,0
710145,U.S.S. Flag,1,0,0,0,1
710143,Transportable Tactical Battle Platform,1,1,1,0,0
710142,Torch,1,1,0,0,0
710141,Tomax and Xamot,2,0,2,2,0
710140,Tomax,1,1,1,1,0
710139,Tele-Vipers,1,1,0,0,0
710195,Wet-Suit,1,1,0,0,0
710194,Vipers,1,1,0,0,0
710193,Triple T,1,1,1,0,0
710192,Tomahawk,1,1,1,0,0
710191,Terrordrome,1,1,0,0,0
710196,Zandar,1,1,0,0,1
710185,Sgt. Slaughter: Mail Order,1,1,0,0,0
710184,Sci-Fi,1,1,0,0,1
710182,Monkeywrench,1,1,0,0,1
710181,Mainframe,1,1,0,0,0
710180,Low-Light,1,1,0,0,0
710197,Zarana,1,1,0,0,0
710178,Leatherneck,1,1,0,0,1
710176,Iceberg,1,1,0,0,1
710152,Cobra Night Raven,1,1,0,0,0
710150,Beach Head,1,1,0,0,0
710149,B.A.T.S.,1,1,0,0,0
710148,Air Chariot,1,1,1,0,0
710156,Conquest X-30,1,1,1,0,0
710157,Devilfish,1,1,1,0,0
710158,Dial-Tone,1,1,0,0,1
710172,Driver: Thrasher,1,1,0,0,0
710171,Driver: Strato-Viper,1,1,0,0,0
710170,Driver: Slip-Stream,1,1,0,0,0
710167,Driver: Moto Viper,1,1,0,0,0
710166,Driver: Lift-Ticket,1,1,0,0,0
710164,Driver: A.V.A.C,1,1,0,0,0
710163,Dreadnok Thunder Machine,1,1,1,0,0
710162,Dreadnok Swampfire,1,1,1,0,0
710159,Dr. Mindbender,1,1,0,0,0
710216,Cobra-Law: Golobulus,1,1,0,0,0
710215,Cobra WOLF,1,1,1,0,0
710213,Cobra Pogo Ballistic Battle Ball,1,1,1,0,0
710207,Chuckles,1,1,0,0,0
710205,Big Boa,1,1,0,0,0
710217,Cobra-Law: Nemesis Enforcer,1,1,0,0,0
710218,Cobra-Law: Royal Guard,1,1,0,0,0
710220,Croc Master,1,1,0,0,0
710235,Falcon,1,1,0,0,1
710234,Driver: Zanzibar,1,1,0,0,0
710229,Driver: Payload,1,1,0,0,0
710228,Driver: Ice Viper,1,1,0,0,0
710227,Driver: Hardtop,1,1,0,0,0
710226,Driver: Gyro-Viper,1,1,0,0,0
710225,Driver: Backstop,1,1,0,0,0
710223,Defiant,1,1,1,0,1
710222,Crystal Ball,1,1,0,0,0
710238,Jinx,1,1,0,0,0
710254,Tunnel Rat,1,1,0,0,0
710253,The Fridge: Mail Order,1,1,0,0,0
710250,Sneak Peak,1,1,0,0,0
710249,Sgt. Slaughter's Renegades: Taurus,2,0,0,0,1
710248,Sgt. Slaughter's Renegades: Red Dog,1,1,0,0,1
710247,Sgt. Slaughter's Renegades: Mercer,2,0,0,0,1
710244,Raptor,1,1,0,0,0
710243,Psych-Out,1,1,0,0,1
710242,Persuader,1,1,1,0,0
710239,Law & Order,1,1,0,0,1
710314,Voltar,1,1,0,0,0
710300,Stormshadow (V2),1,1,0,0,1
710299,Spearhead & Max,1,1,0,0,1
710273,Driver: Star-Viper,1,1,0,0,0
710270,Driver: Secto-Viper,1,1,0,0,0
710268,Driver: Ghostrider,1,1,0,0,0
710266,Driver: Destro (V2),1,1,0,0,0
710265,Driver: Armadillo,1,1,0,0,0
710279,Iron Grenadiers,1,1,0,0,0
710295,Road Pig,1,1,0,0,0
710295,Road Pig,1,1,1,1,0
710292,Phantom X-19,1,1,1,0,0
710261,Cobra BUGG,1,1,1,0,0
710257,Budo,1,1,0,0,1
710357,Python Patrol: Viper (V2),1,1,0,0,0
710356,Python Patrol: Tele-VIper (V2),1,1,0,0,0
710353,Python Patrol: Crimson Guard (V2),1,1,0,0,0
710352,Python Patrol: Copperhead (V2),1,1,0,0,0
710351,Night-Viper,1,1,0,0,0
710373,Thunderclap,1,1,1,0,0
710370,Snake Eyes (V3),1,1,0,0,0
710363,Scoop,1,1,0,0,1
710342,Iron Grenadiers Darklon's Evader,1,1,1,0,0
710339,Gnawgahyde,1,1,0,0,0
710316,Alley-Viper,1,1,0,0,0
710320,Cobra Condor Z25,1,1,1,0,0
710338,Frag-Viper,1,1,0,0,0
710378,Canadian 25th Anniversary Destro - Blank Card,1,1,1,1,0
710377,Bullhorn,1,1,0,0,1
710375,Ambush,1,1,0,0,0
710399,Night-Creeper,1,1,0,0,1
710397,Metal-Head,1,1,0,0,1
710402,Range-Vipers,1,1,0,0,0
6420738,Rock Lords: A Giant Coloring Book,1,1,0,0,0
872721,Pulver-Eyes,1,1,1,1,0
872704,Narlizard,1,1,1,1,0
872703,Narliphant,1,1,1,1,0
872702,Narlihog,1,1,1,1,0
872718,Granite,1,1,1,1,0
872701,Narligator,1,1,1,1,0
872697,Slimestone,1,1,1,1,0
872714,Boulder,1,1,1,1,0
872716,Crackpot,1,1,1,1,0
6420741,Rock Commander,1,1,1,0,0
1758593,Super Destroyer,1,1,1,0,0
1758588,Super Baron Von Joy,1,1,0,0,0
1758564,Good Knight (34),1,1,0,0,0
1758535,Fright Face,1,1,0,0,0
1758545,Fitor (03),1,1,0,0,0
1758534,Fangs,1,1,0,0,0
1758536,Gore Jaw,1,1,0,0,0
1758647,Monsterous,1,1,0,0,0
1758625,Major Mo (54),1,1,0,0,0
1758547,Loco (05),1,1,0,0,0
1758659,Jig Saw,1,1,0,0,0
1758620,Heat Seeker (52),1,1,0,0,0
1758537,Heart Attack,1,1,0,0,0
1758560,Dive-Dive (15),1,1,0,0,0
1758557,BuggyMan (orange) (39),1,1,0,0,0
6420739,Binoc,1,1,0,0,0
1758606,Bad Boy (55),1,1,0,0,0
1758554,Blaster (green) (25),1,1,0,0,1
1758658,Cross Word,1,1,0,0,0
1758646,Creepy Mail Away Exclusive,1,1,0,0,0
1758614,Creepy (56),1,1,0,0,0
1758558,Crain Brain (24),1,1,0,0,0
1758586,Command Center,1,1,0,0,0
1758664,Tic Tac,1,1,0,0,0
1758648,Thruster,1,1,1,0,0
1758578,Street Heat (36),1,1,0,0,0
1758599,Staks Transport (blue),1,1,1,0,0
1758579,Tux (41),1,1,0,0,0
1758580,Twin Spin (42),1,1,0,0,0
1758665,Zig Zag,1,1,0,0,0
1758539,Weird Wing,1,1,0,0,0
1758582,Water Walk (32),1,1,0,0,0
1758581,Van Guard (51),1,1,0,0,0
1758569,Road Ranger (18),1,1,0,0,0
1758568,Rest-Q (26),1,1,0,0,0
1758661,Puzzler,1,1,0,0,0
1758660,Pocket,1,1,0,0,0
1758629,Pincher (48),1,1,0,0,0
1758548,Path Finder (29),1,1,0,0,0
1758663,Rube,1,1,0,0,0
6420740,Rumble,1,1,1,1,0
1758577,Spoons (31),1,1,0,0,0
1758538,South Claw,1,1,0,0,0
1758585,Scales,1,1,1,0,0
994461,Forest Fantasy: Jade,2,0,0,0,0
994459,Forest Fantasy: Dragon Queen,1,1,1,1,0
994467,Forest Fantasy: Saphire,1,1,1,1,0
994468,Festival Spirit: Vultura,1,1,1,1,0
994466,Festival Spirit: Rubee,2,0,0,0,0
994461,Festival Spirit: Jade,1,1,1,1,0
994459,Festival Spirit: Dragon Queen,2,0,0,0,0
994469,Forest Fantasy: Wild One,2,0,0,0,0
994460,Golden Girl,1,1,1,0,0
994469,Wild One,1,1,1,0,0
994468,Vultura,1,1,1,0,0
994503,Shadow and Chariot,1,1,1,0,0
994466,Rubee,1,1,1,1,0
994465,Prince Kroma,1,1,1,1,0
994501,Palace of Gems,1,1,1,0,0
994464,Onyx,1,1,1,1,0
994502,Olympia and Chariot,1,1,1,0,0
994463,Ogra,1,1,1,1,0
994462,Moth Lady,1,1,1,0,0
994461,Jade,1,1,1,1,0
994461,Evening Enchantment: Jade,1,1,1,1,0
994459,Dragon Queen,1,1,1,0,0
1035372,Tendril,1,1,0,0,1
1035380,Redlen Mutore,1,1,1,1,0
1035379,Magnokor,1,1,1,1,0
1035378,Granok Mutore,1,1,1,1,0
1035370,D. Compose,1,1,0,0,0
1059804,Jem / Jerica,1,1,1,1,0
1059807,Kimber,1,1,1,1,0
1059796,Aja,1,1,1,1,0
1059806,KJEM Rock On Guitar,1,1,1,1,0
1059826,Rockin Roadster,1,1,1,1,0
1059816,New Wave Waterbed,1,1,1,0,0
1059827,Roxy,1,1,1,1,0
1059830,Star Stage,1,1,1,1,0
1059837,Video Madness: Show Me the Way,1,1,1,1,0
1059836,Video Madness: Love is Here,1,1,1,1,0
1059835,Video Madness: It's Workin Out,1,1,1,1,0
1059887,Video,1,1,1,1,0
1059882,Synergy,1,1,1,1,0
1059845,Clash,1,1,1,1,0
1059855,Glitter and Gold Jem/Jerica,1,1,1,1,0
1100610,Miyagi (Breakaway Pole),1,1,1,1,0
1100607,Kreese (Breakaway Wall),1,1,1,1,0
1100603,Daniel-san (Breakaway Wood),1,1,1,1,0
1100593,Attack Alley and Training Center,1,1,1,0,0
1125067,Boulder Hill,1,1,0,0,1
1125041,Firecracker,1,1,0,0,0
1125047,Thunderhawk,1,1,0,0,0
1125053,T-Bob and Scott Tracker,1,1,1,1,0
1125046,Switchblade,1,1,0,0,0
1125045,Rhino,1,1,0,0,0
1125044,Piranha,1,1,1,0,0
1125043,Jackhammer,1,1,0,0,0
1125042,Gator,1,1,1,0,0
1125060,Hurricane,1,1,1,0,0
1125059,Firefly,1,1,0,0,0
1125061,Outlaw,1,1,1,0,0
1125062,Raven,1,1,1,0,0
1125066,Volcano,1,1,1,0,0
1125065,Vampire,2,0,0,0,2
1125064,Stinger,1,1,0,0,0
1125078,Razerback,1,1,1,0,0
1125077,Pitstop Catapult,1,1,1,0,0
1125076,Meteor,1,1,1,1,0
1125074,Iguana,1,1,1,1,0
1125073,Goliath,1,1,1,0,0
1125071,Buzzard,1,1,0,0,0
1125070,Bullet,1,1,1,1,0
1125069,Bulldog,1,1,0,0,0
1125068,Billboard Blast,1,1,1,0,0
1125075,Manta,1,1,1,0,0
1125088,Vandal,1,1,1,0,0
1125084,Fireforce,1,1,1,0,0
1125083,Dynamo,1,1,1,1,0
1125080,Afterburner,1,1,1,0,0
4343085,Hard Knockin' Rockin' Ring Wrestling Arena,1,1,1,0,0
1464418,He-Man,1,1,1,1,0
1465069,Ultimate Edition Teela,1,1,1,1,0
1465064,Terroar; Plasmar; Lord Gr'Asp,1,1,1,1,0
1465063,Stratos; Trap-Jaw; Prince Adam,1,1,1,1,0
1465062,Quakke,2,0,0,0,0
1465061,Lodar,1,1,1,1,0
1465060,Horde Trooper (Single Carded),3,0,0,0,0
1465059,Hawke,1,1,1,1,0
1465058,Fang-Or,1,1,1,1,0
1465161,Dylamug,2,0,2,2,0
1465162,Granita,1,1,1,1,0
1465164,Stridor,1,1,1,1,0
1465165,Wrap-Trap,1,1,1,1,0
1465163,Karg,1,1,1,1,0
1465202,William Stout He-Man,1,1,1,1,0
1465201,Slamurai and Snake Troopers,1,1,1,1,0
1465200,Horde Zombie He-Man,1,1,1,1,0
1465199,God Skeletor,1,1,1,1,0
1465198,Dark Despot Skeletor,1,1,1,1,0
1465197,Commander Karg,1,1,1,1,0
1464457,Zodak,1,1,1,1,0
1464456,Zodac,1,1,1,1,0
1464455,Webstor,1,1,1,0,0
1464453,Tri-Klops,1,1,1,1,0
1464452,The Goddess,1,1,1,1,0
1464451,Teela,1,1,1,1,0
1464450,Stratos,1,1,1,1,0
1464448,Scareglow,1,1,1,1,0
1464447,Roboto,1,1,1,1,0
1464446,Mer-Man,1,1,1,1,0
1464444,King Randor,1,1,1,1,0
1464442,He-Ro,1,1,1,0,0
1464441,Faker,1,1,1,1,0
1464469,Grizzlor,1,1,1,1,0
1464468,Evil-Lyn,1,1,1,1,0
1464467,Eternian Palace Guards,1,1,1,0,0
1464465,DCUC Vs. MOTUC: Lex Luthor Vs. Skeletor,1,1,1,1,0
1464464,Count Marzo,1,1,1,1,0
1464463,Chief Carnivus,1,1,1,0,0
1464470,Gygor,1,1,1,1,0
1464462,Castle Grayskull Diorama Stands,1,1,0,0,0
1464460,Battlecat,1,1,1,1,0
1464458,Adora,1,1,1,1,0
1464461,Buzz-Off,1,1,1,1,0
1464471,Keldor,1,1,1,0,0
1464482,Tytus,1,1,1,1,0
1464479,She-Ra,1,1,1,0,0
1464478,Orko (Color Change),1,1,1,1,0
1464476,Optikk,1,1,1,1,0
1464475,Moss Man,1,1,1,1,0
1464474,Mo-Larr Vs. Skeletor,1,1,1,1,0
1464510,Shadow Beast,1,1,1,0,0
1464509,Queen Marlena with Cringer,1,1,1,0,0
1464508,Preternia Disguise He-Man,1,1,1,1,0
1464507,Panthor,1,1,1,1,0
1464506,Megator,2,0,2,2,0
1464504,Man-E-Faces,1,1,1,1,0
1464511,Snoutspout,1,1,1,1,0
1464503,Leech,1,1,1,1,0
1464501,Icarius,1,1,1,1,0
1464500,Hurricane Hordak,1,1,1,0,0
1464499,Demo-Man,1,1,1,0,0
1464502,King Hssss,1,1,1,0,0
1464512,Swiftwind,1,1,1,1,0
1464513,Syklone,1,1,1,0,0
1464514,The Faceless One,1,1,1,1,0
1464517,Wind Raider,1,1,1,0,0
1464516,Weapons Rack,1,1,1,1,0
1464515,Vikor,1,1,1,1,0
1464493,Clawful,1,1,1,1,0
1464492,Catra,1,1,1,1,0
1464490,Bubble Power She-Ra,1,1,1,1,0
1464489,Bow,1,1,1,0,0
1464488,Battleground Teela,1,1,1,1,0
1464487,Battleground Evil-Lyn,1,1,1,1,0
1464486,Battle Armor Skeletor,1,1,1,0,0
1464553,Thunder Punch He-Man,1,1,1,1,0
1464551,Temple of Darkness Sorceress,1,1,1,1,0
1464550,Stinkor,1,1,1,1,0
1464549,Star Sisters,1,1,1,0,0
1464548,Spikor,1,1,1,1,0
1464554,Vykron,1,1,1,1,0
1464546,Snakemen,1,1,1,1,0
1464543,Slush Head,1,1,1,0,0
1464541,Shadow Weaver,1,1,1,1,0
1464540,Rattlor,1,1,1,1,0
1464539,Procrustus,1,1,1,1,0
1464538,Mosquitor,1,1,1,1,0
1464545,Snake Mountain Diorama Stands,2,0,2,0,0
1464555,Weapons Pack #3: Great Unrest Assortment,1,1,1,1,0
1464537,Mekanec,1,1,1,1,0
1464533,Horde Prime,1,1,1,1,0
1464532,Griffin,1,1,1,0,0
1464531,Granamyr,1,1,1,0,0
1464530,Frosta,1,1,1,1,0
1464528,Fisto,1,1,1,1,0
1464527,Fearless Photog,1,1,1,1,0
1464526,Eternos Palace King Randor,1,1,1,1,0
1464524,Dragon Blaster Skeletor,1,1,1,1,0
1464523,Drago-Man,1,1,1,1,0
1464522,Dekker,1,1,1,1,0
1464520,Castle Grayskullman,1,1,1,1,0
1464594,Batros,1,1,1,1,0
1464595,Castaspella,1,1,1,1,0
1464612,Netossa,1,1,1,1,0
1464611,Nepthu,1,1,1,1,0
1464609,Mantenna,1,1,1,1,0
1464608,Lord Dactus,1,1,1,1,0
1464607,King He-Man,1,1,1,1,0
1464606,Karatti,1,1,1,0,0
1464605,Jitsu,1,1,1,1,0
1464604,Icer,1,1,1,1,0
1464603,Horde Troopers,1,1,1,1,0
1464602,Geldor,1,1,1,1,0
1464601,Galactic Protector He-Man,1,1,1,1,0
1464599,Fighting Foe Men,1,1,1,1,0
1464598,Fang Man,1,1,1,1,0
1464597,Clamp Champ,1,1,1,1,0
1464596,Castle Grayskull,1,1,1,0,0
1464613,Octavia,1,1,1,0,0
1464614,Plundor,1,1,1,0,0
1464616,Rokkon and Stonedar,1,1,1,1,0
1464615,Ram-Man,1,1,1,1,0
1464626,Weapons Pack #4: End of Wars,1,1,1,1,0
1464625,Strong-Or,1,1,1,1,0
1464623,Standor,1,1,1,1,0
1464622,Stackable Figure Stands,1,1,1,0,0
1464621,Spirit of Hordak,1,1,1,1,0
1464620,Snake Face,1,1,1,0,0
1464619,Sky High with Jet Sled,1,1,1,0,0
1464618,Shokoti,1,1,1,1,0
1464617,Seahawk,1,1,1,1,0
1464624,Strobo,1,1,1,1,0
1464727,Two Bad,1,1,1,1,0
1464726,Tung Lashor,1,1,1,0,0
1464724,Sweet Bee,1,1,1,0,0
1464702,Eldor,1,1,1,1,0
1464701,Double Trouble,1,1,1,1,1
1464700,Blade,1,1,1,1,0
1464699,Battle Ram with Man-At-Arms,1,1,1,0,0
1464698,Batte Lion,1,1,1,0,0
1464697,Arrow,1,1,1,0,0
1464703,Entrapta,1,1,1,0,0
1464704,Extendar,1,1,1,0,0
1464705,Filmation Hordak,1,1,1,1,0
1464706,Flogg,1,1,1,1,0
1464723,Spinnerella,1,1,1,1,0
1464722,Scorpia,1,1,1,1,0
1464721,Rio Blast,1,1,1,0,0
1464720,Moduloc,1,1,1,1,0
1464719,Mermista,1,1,1,1,0
1464717,Madame Razz,1,1,1,1,0
1464716,Loo-Kee and Kowl,1,1,1,1,0
1464715,Light Hope,1,1,1,1,0
1464714,Intergalactic Overlord of Evil Skeletor,1,1,1,1,0
1464713,Imp as Treasure Chest,1,1,0,0,0
1464712,Hydron,1,1,1,1,0
1464711,Gwildor,1,1,1,1,0
1464710,Goat Man,1,1,1,1,0
1464709,Glimmer,1,1,1,1,0
1464708,Galactic Protector She-Ra,1,1,1,1,0
1464707,Flutterina,1,1,1,1,0
1464725,The Unnamed One,1,1,1,1,0
1464819,Lizard Man,1,1,1,1,0
1464818,Laser Power He-Man Vs. Laser Light Skeletor,1,1,1,0,0
1464817,King Chooblah,1,1,1,1,0
1464816,Huntara,1,1,1,1,0
1464815,Hover Robots,2,0,2,2,0
1464814,He-Ro 2 - Son of He-Man,1,1,1,1,0
1464813,Heads of Eternia,1,1,1,1,0
1464812,Flying Fist He-Man Vs. Terror Claws Skeletor,1,1,1,1,0
1464810,Dragstor,2,0,2,2,0
1464809,Ceratus,1,1,1,1,0
1464808,Callix,1,1,1,1,0
1464807,Buzz Saw Hordak,1,1,1,1,0
1464806,Blast Attak,1,1,1,1,0
1464805,Angella,1,1,1,1,0
1464811,Evil Seed,1,1,1,1,0
1464821,Mara of Primus,1,1,1,1,0
1464822,Multi-Bot,1,1,1,0,0
1464823,Ninjor,1,1,1,1,0
1464834,Sssqueeze,2,0,2,2,0
1464833,Spirit of Grayskull,1,1,1,1,0
1464832,Snake Armor He-Man Vs. Battle Armor King Hssss,1,1,1,1,0
1464831,Saurod,1,1,1,1,0
1464830,Rotar Vs. Twistoid,1,1,1,1,0
1464829,Queen Grayskull,1,1,1,1,0
1464828,Prahvus,1,1,1,1,0
1464827,Point Dread and Talon Fighter,1,1,1,0,0
1464826,Perfuma,1,1,1,1,0
1464825,Peekablue,1,1,1,1,0
1464824,Oo-Larr,1,1,1,1,0
1464949,Vultak,1,1,1,1,0
1464948,Tuskador,1,1,1,1,0
1464947,Serpentine King Hssss,2,0,2,2,0
1464946,Roton with Skelecon,1,1,1,0,0
1464945,Red Beastman,1,1,1,1,0
1464944,Night Stalker,2,0,2,2,0
1464943,Lord Masque,1,1,1,1,0
1464941,Green Granamyr,1,1,1,1,0
1464940,General Sunder,1,1,1,1,0
1464939,Despara,1,1,1,1,0
1464938,Darius,1,1,1,1,0
1464937,Crita,1,1,1,1,0
1464936,Camo Khan,1,1,1,1,0
1464935,Anti-Eternia He-Man,1,1,1,1,0
1464942,Horde Wraith,1,1,1,1,0
1465048,Trap-Jaw,1,1,1,1,0
1465047,Skeletor,1,1,1,1,0
1465046,He-Man,1,1,1,1,0
1465045,Evil-Lyn,1,1,1,1,0
1465043,Clawful,1,1,1,1,0
1465042,Beastman,1,1,1,1,0
1465044,Evil Seed,1,1,1,0,0
1465154,Tri-Klops,1,1,1,1,0
1465153,Teela,1,1,1,1,0
1465152,Man-At-Arms,1,1,1,1,0
1465151,Hordak,1,1,1,1,0
1465166,Chopper,1,1,1,1,0
1465167,Fisto,1,1,1,1,0
1465168,Grizzlor,1,1,1,1,0
1465178,Uncle Mortok and Driel,1,1,1,1,0
1465177,Tung Lashor,1,1,1,1,0
1465176,Spikor,1,1,1,1,0
1465175,Sorceress,1,1,1,1,0
1465174,She-Ra,1,1,1,1,0
1465173,Mer-Man,1,1,1,1,0
1465172,Mantenna,1,1,1,1,0
1465171,Man-E-Faces,1,1,1,1,0
1465170,Laughing Prince Adam,1,1,1,1,0
1465208,Stratos,1,1,1,1,0
1465207,Shadow Weaver,1,1,1,1,0
1465206,Roboto,1,1,1,1,0
1465205,Prince Adam,1,1,1,1,0
1465204,Modulok,1,1,1,1,0
1465203,Kittrina,1,1,1,1,0
1403648,Valance,1,1,1,1,0
1403647,Rock 'Em Sock 'Em Playset,1,1,0,0,0
1403646,McDonald's Panthor,1,1,1,1,0
1403634,Terrordacyl,1,1,1,1,0
1403633,Stratos,1,1,1,1,0
1403632,Skeletor,1,1,1,1,1
1403626,Castle Grayskull,1,1,1,0,0
1403625,Beast Man,2,0,2,2,0
1403623,Battle Sound Skeletor,1,1,1,1,0
1403629,Man-At-Arms,1,1,1,1,0
1403621,Battle Ram Chariot,1,1,1,1,0
1403620,Battle Hawk,1,1,1,1,0
1403635,Bashin' Beetle,1,1,1,1,0
1403643,Ram-Man,1,1,1,1,1
1403642,Mer-Man,1,1,1,1,0
1403641,Mecha-Nek,1,1,0,0,0
1403660,Smash Blade He-Man,1,1,1,1,0
1403659,Skeletor Bat Fight Pak,1,1,1,1,0
1403657,Samurai Man-At-Arms,1,1,1,1,0
1403656,Samurai He-Man,1,1,1,1,0
1403655,Samurai Battlecat,1,1,0,0,0
1403654,Samurai Battle Raptor,1,1,1,1,0
1403653,Orko,1,1,0,0,0
1403652,He-Man Eagle Fight Pak,1,1,1,1,1
1403651,Dragon Walker (with Jungle Attack He-Man),1,1,1,1,0
1403649,Attack Squid,1,1,1,1,0
1403662,Teela,1,1,1,1,0
1403663,Trap Jaw,1,1,0,0,0
1403665,War Whale,1,1,1,1,0
1403675,Sy-Klone,1,1,1,0,0
1403673,Slime Pit,1,1,1,1,0
1403670,Martial Arts He-Man,1,1,1,1,0
1403667,Faker,1,1,1,1,1
1403672,Prince Adam,1,1,1,1,0
1403702,Wolf Armor He-Man vs. Snake Armor Skeletor,1,1,1,1,1
1403680,Battle Armor Skeletor,1,1,1,1,0
1403679,Battle Armor He-Man,1,1,1,1,0
1403681,Battle Station,1,1,1,1,0
1403683,Buzz-Off,2,0,2,2,0
1403701,Whiplash,2,0,2,2,0
1403700,Two-Bad,1,1,0,0,0
1403699,Tri-Klops (repaint: silver pants),1,1,1,1,0
1403697,Sky Strike Stratos,1,1,0,0,0
1403696,Shield Strike He-Man,1,1,1,1,0
1403695,Roboto,1,1,1,1,0
1403694,Ram-Man (repaint: bronze shoulder pads),1,1,0,0,0
1403693,Mossman,1,1,1,1,0
1403692,Mer-Man (repaint: green and orange chestplate),1,1,0,0,0
1403690,Man-E-Faces,1,1,1,1,0
1403686,Evil-Lyn,1,1,1,1,0
1403685,Disco Skeletor,1,1,1,1,0
1403720,Zodak (SM),1,1,1,1,0
1403719,Whiplash (SM),1,1,1,1,0
1403718,Venom-Spitting Khan (SM),1,1,1,1,0
1403717,Two-Bad (SM),1,1,1,1,0
1403715,The General (SM),1,1,1,1,0
1403714,Spitbull (SM),1,1,1,1,0
1403712,Snake Hunter He-Man (SM),1,1,1,1,0
1403711,Snake Crush Skeletor (SM),1,1,1,1,0
1403709,Serpent Track Mecha-Nek (SM),1,1,1,1,0
1403708,Serpent Claw Man-At-Arms (SM),1,1,1,1,0
1403707,Rotocast Skeletor (12inch) (SM),1,1,1,1,0
1403706,Rotocast He-Man (12inch) (SM),1,1,1,1,0
1403713,Snake Teela (SM),1,1,1,1,0
1403704,Battle Fist (SM),1,1,1,1,0
1403703,Battle Bones (SM),1,1,1,1,0
1403798,Snake Armor,1,1,1,1,0
1403797,She-Ra (SM),1,1,1,1,0
1403794,Mecha Bite Panthor (SM),1,1,1,1,0
1481298,Snout Spout,1,1,1,0,0
1481297,King Randor (SDCC),1,1,1,0,0
1481295,Clawful,1,1,1,0,0
1481301,Stinkor,1,1,1,1,0
1481299,Clamp Champ,2,0,2,0,0
1481412,Evil-Lyn (classic deco),1,1,1,1,1
1481419,Webstor,1,1,1,1,0
1481422,Sssqueeze,1,1,1,0,0
1481484,Battle Armor He-Man,1,1,1,1,0
1481485,He-Man (classic deco SDCC),1,1,1,1,0
18440,Dairy Delivery V5258,1,1,1,1,1
18439,50's Chevy Truck V5229,1,1,1,1,1
19155,Grayskull 5-Pack GRM88,1,1,1,1,1
1225279,Megatron Armor Skeletor,2,0,2,2,0
1225278,Bumblebee Armor Man-At-Arms,2,0,2,2,0
18855,Skeletor,1,1,1,1,0
1465216,Evil-Lyn Deluxe Figure,1,1,1,0,0
1342559,Turbo Tormentor,2,0,0,0,0
1342558,Terror Claw,1,1,1,1,1
1342557,Starship Eternia,1,1,1,0,0
1342556,Slush Head (Calamar),1,1,1,1,0
1342555,Skeletor,1,1,1,1,0
1342554,Shuttle Pod,1,1,1,1,0
1342551,Hydron,1,1,1,1,0
1342550,He-Man,2,0,2,2,0
1342549,Flogg,1,1,1,1,0
1342548,Flip Shot,2,0,2,2,0
1342547,Bola Jet,1,1,1,1,0
1342546,Astro Sub,1,1,1,0,0
1342636,Vizar,1,1,1,1,0
1342635,Optikk,2,0,2,2,0
1342634,Nordor,1,1,1,0,1
1342633,Nocturna,1,1,1,1,0
1342632,Lizorr,1,1,1,1,0
1342631,Kayo,1,1,1,1,0
1342629,Hoove,2,0,0,0,0
1342628,Disks of Doom Skeletor,1,1,1,1,0
1342630,Karatti,1,1,1,1,0
1342726,Tuskador,1,1,1,1,0
1342725,Terrotred,1,1,1,1,0
1342724,Staghorn,1,1,1,1,0
1342722,Skull Staff,1,1,1,1,0
1342721,Sagitar,1,1,1,0,0
1342720,Quakke,1,1,1,1,0
1342718,Butthead,1,1,1,1,0
1342717,Battle Bird,1,1,1,0,0
1342716,Artilla (Weaponstronic),1,1,1,1,1
1342719,Doomcopter,1,1,1,1,0
1342832,Battle Blade Skeletor,1,1,1,1,0
1342837,Thunder Punch,1,1,1,1,0
1225262,She-Ra & Swiftwind,2,0,2,2,0
1225093,Whiplash,2,0,2,2,0
1225135,Spikor,2,0,2,2,0
1324810,Colorforms Playset,1,1,1,0,1
1324503,Enchanta,1,1,1,0,0
1324502,Double Trouble,1,1,1,1,0
1324500,Crystal Castle,1,1,1,1,0
1324499,Catra,1,1,0,0,0
1324498,Castaspella,1,1,1,1,1
1324497,Bow,1,1,1,1,0
1324495,Angella,1,1,1,1,1
1324507,Frosta,1,1,1,1,1
1324514,Storm,1,1,0,0,0
1324513,She-Ra,1,1,0,0,0
1324510,Kowl,1,1,1,1,0
1324515,Swiftwind,1,0,0,0,1
1324673,Crystal Sundancer,1,1,1,1,0
1324671,Crystal Falls,1,1,1,1,1
1324669,Clawdeen,1,1,0,0,0
1324668,Butterflyer,1,1,1,0,0
1324674,Crystal Swiftwind,2,0,2,2,0
1324675,Entrapta,1,1,1,1,0
1324688,Sweetbee,1,1,1,1,0
1324687,Starburst She-Ra,2,0,2,2,1
1324685,Seaharp,1,1,1,1,0
1324684,Scratch and Sound Catra,1,1,1,1,1
1324682,Perfuma,1,1,1,1,0
1324680,Mermista,2,0,2,2,0
1324870,Shower Power Catra,1,1,0,0,0
1324868,Netossa,1,1,1,1,0
1324867,Lookie,1,1,1,1,1
1465160,Skeletor,1,1,1,1,0
1465159,She-Ra,1,1,1,1,0
1465158,Hordak,1,1,1,1,0
1465157,He-Ro,1,1,1,1,0
1465156,He-Man,1,1,1,1,0
1465155,Eldor,1,1,1,1,0
1465190,Robot He-Man,1,1,1,1,0
1465189,Prince Adam,1,1,1,1,0
1465188,Orko,1,1,1,1,0
1465187,Mer-Man,1,1,1,1,0
1465186,He-Man (Japanese Packaging),1,1,1,1,0
1465185,Gold Statue He-Man,1,1,1,1,0
1465184,Frozen Teela,1,1,1,1,0
1465191,Shadow Orko,1,1,1,1,0
1465183,Evil-Lyn,1,1,1,1,0
1465181,Crystal Man-Man-At-Arms,1,1,1,1,0
1465180,Buzz-Off,1,1,1,1,0
1465179,Beast Man,1,1,1,1,0
1465182,Evil Seed,1,1,1,1,0
1465192,Shadow Weaver,1,1,1,1,0
1465193,Skeletor (Japanese Packaging),1,1,1,1,0
1465194,Stratos,1,1,1,1,0
1465196,Trap Jaw,1,1,1,1,0
1465195,Transforming He-Man,1,1,1,1,0
1465052,Terror Wolf,1,1,1,1,0
1465051,Terror Jaguar,1,1,1,1,0
1465050,Terror Bat,1,1,1,1,0
1465049,Possessed Skeletor,1,1,1,1,0
1422081,Ultimate Skeletor,1,1,1,1,0
1341864,MOTU Hook Ball Dart Game,1,1,0,0,1
1341863,MOTU Battle Cat Tote,1,1,0,0,1
1341558,Castle Grayskull,1,1,1,0,0
1341557,Beast Man,2,0,2,2,0
1341556,Battle Ram,1,1,1,1,0
1341555,Battle Cat,1,1,0,0,0
1341559,He-Man,1,1,0,0,0
1341560,Man-At-Arms,1,1,0,0,0
1341561,Mer Man,2,0,2,2,0
1341562,Skeletor,1,1,0,0,0
1341566,Zodak,1,1,0,0,0
1341565,Wind Raider,1,1,0,0,1
1341564,Teela,1,1,0,0,0
1341563,Stratos,1,1,0,0,0
1341577,Zoar,1,1,0,0,0
1341576,Tri-Klops,1,1,0,0,0
1341575,Trap Jaw,1,1,0,0,0
1341574,Screech,1,1,0,0,0
1341573,Ram-Man,1,1,0,0,0
1341572,Point Dread & Talon Fighter,1,1,0,0,0
1341571,Panthor,1,1,0,0,0
1341569,Faker,1,1,0,0,0
1341568,Evil-Lyn,2,0,2,2,0
1341567,Attak Trak,1,1,0,0,0
1341570,Man-E-Faces,1,1,0,0,0
1341603,Battle Armor He-Man,1,1,0,0,0
1341604,Battle Armor Skeletor,2,0,2,0,0
1341605,Buzz-Off,2,0,2,2,0
1341606,Clawful,1,1,0,0,0
1341607,Dragon Walker,1,1,0,0,0
1341619,Whiplash,1,1,0,0,0
1341618,Webstor,2,0,2,2,1
1341617,Strydor,1,1,1,0,1
1341616,Snake Mountain,1,1,1,0,1
1341615,Roton,1,1,0,0,0
1341614,Road Ripper,1,1,0,0,0
1341613,Prince Adam,1,1,0,0,0
1341612,Orko,1,1,0,0,0
1341611,Mecha-Nek,1,1,0,0,0
1341610,Kobra Khan,2,0,2,2,1
1341609,Jitsu,1,1,0,0,0
1341608,Fisto,1,1,1,0,1
1341716,Two Bad,1,1,1,0,0
1341715,Thunder Punch He-Man,1,1,1,0,0
1341713,Stinkor,1,1,0,0,0
1341712,Spikor,2,0,2,2,0
1341711,Spidor,1,1,1,0,0
1341710,Roboto,1,1,1,0,0
1341709,Night Stalker,1,1,0,0,0
1341708,Moss Man,1,1,1,0,0
1341707,Modulok,2,0,2,2,0
1341714,Sy-Klone,1,1,1,0,0
1341706,Mantena,2,0,2,2,1
1341705,Leech,1,1,1,0,0
1341703,Hordak,1,1,1,0,0
1341702,Grizzlor,1,1,1,0,1
1341701,Fright Zone,3,0,3,3,0
1341700,Dragon Blaster Skeletor,1,1,1,0,0
1341699,Battle Bones,1,1,1,0,0
1341698,Bashasaurus,1,1,0,0,0
1341704,Land Shark,2,0,2,2,0
1341870,Fright Fighter,1,1,0,0,0
1341869,Flying Fist He-Man,1,1,1,0,0
1341868,Extendar,1,1,1,0,0
1341867,Eternia,1,1,1,0,1
1341866,Dragstor,2,0,2,2,1
1341865,Blaster Hawk,1,1,1,0,0
1341871,Horde Trooper,2,0,0,0,0
1341872,Hurricane Hordak,1,1,1,0,0
1341873,Jet Sled,1,1,1,0,0
1341874,King Hisss,2,0,2,2,1
1341888,Tonge Lashor,1,1,1,0,0
1341887,Terror Claws Skeletor,1,1,1,0,0
1341886,Stonedar,2,0,0,0,0
1341885,Stilt Stalker,1,1,1,0,0
1341884,Snout Spout,1,1,1,0,0
1341883,Slime Pit,1,1,1,0,0
1341882,Rokkon,1,1,1,0,0
1341881,Rio-Blast,1,1,1,0,0
1341880,Rattlor,1,1,1,0,0
1341879,Multi-Bot,1,1,1,0,0
1341878,Monstroid,1,1,1,0,0
1341877,Megalaser,1,1,1,0,0
1341876,Manti Saur,1,1,1,0,0
1341875,Laser Bolt,1,1,1,0,0
1342055,Bionatops,1,1,0,0,0
1342054,Beam-Blaster & Artilleray,1,1,1,0,0
1342053,Astro Lion,1,1,1,0,0
1342056,Blade,1,1,1,0,0
1342057,Blast-Attack,1,1,1,0,0
1342058,Buzz Saw Hordak,1,1,1,0,0
1342059,Clamp Champ,1,1,1,0,0
1342076,Scareglow,1,1,1,0,0
1342075,Saurod,1,1,1,0,0
1342074,Rotar,1,1,1,0,0
1342073,Rhinorb,1,1,1,0,0
1342072,Orbear,1,1,1,0,0
1342071,Ninjor,1,1,1,0,0
1342070,Mosquitor,1,1,1,0,0
1342068,King Randor,1,1,1,0,0
1342067,Gwildor,1,1,1,0,0
1342066,Gore-Illa,1,1,1,0,0
1342065,Faker (2),2,0,2,2,0
1342064,Dinosorb,1,1,1,0,0
1342063,Crocobite,1,1,1,0,0
1342062,Cometroid,1,1,1,0,0
1342061,Comet Cat,1,1,0,0,0
1342060,Cliff Climber,1,1,1,0,0
1342077,Scubattack,1,1,1,0,0
1342078,Snake Face,1,1,1,0,0
1342080,Squeeeze,1,1,1,0,0
1342087,Tyrantosourus Rex,1,1,1,0,0
1342086,Ty-grrr,1,1,1,1,0
1342085,Twistoid,1,1,1,0,0
1342084,Tuskor,1,1,1,0,0
1342083,Turbodactyl,1,1,1,0,0
1342082,Tower Tools,1,1,1,0,0
1342079,Sorceress,1,1,1,0,0
1543517,M182 Alice,1,1,0,0,0
1543504,M151 East,1,1,0,0,0
1595217,Battle Cruiser,1,0,1,0,1
1595219,Giant Acroyear,1,0,1,0,1
1595232,Microrail City,1,0,1,0,0
1595227,Galactic Command Center,1,1,1,0,0
1595241,Hornetroid,1,0,1,0,1
1595253,Gammatron,1,1,1,0,0
1595249,Betatron,1,1,1,0,0
1595247,Alphatron,1,1,1,0,0
1621106,Chairry,1,1,1,1,0
1621116,Talking PeeWee,1,1,1,1,0
1621114,Ricardo,1,1,1,1,0
1621113,Reba,1,1,1,1,0
1621125,Pterri,1,1,1,1,0
1621120,PeeWee's Playhouse,1,1,1,1,0
1621112,PeeWee Herman with Scooter,1,1,1,1,0
1621111,PeeWee Herman,1,1,1,1,0
1621109,Miss Yvonne,1,1,1,1,0
1621124,Magic Screen,1,1,1,1,0
1621117,Large Pterri,1,1,1,1,0
1621115,Large Chairry,1,1,1,0,0
1621108,King of Cartoons,1,1,1,1,0
1621119,Jambi the Genie and the Puppet Land Band,1,1,1,1,0
1621118,Globey and Randy,1,1,1,1,0
1621107,Cowboy Curtis,1,1,1,1,0
1621123,Conky,1,1,1,1,0
1646995,Zooli,1,1,1,1,0
1646994,Wraith,1,1,1,1,0
1646993,Ren,1,1,1,1,0
1646992,Niddler,1,1,1,1,0
1646991,Mantus,1,1,1,1,0
1646990,Konk,1,1,1,1,0
1646989,Joat,1,1,1,1,0
1646988,Ioz,1,1,1,1,0
1646987,Bloth,1,1,1,1,0
1690114,Larvell Jones,1,1,1,1,0
1690113,Hand Cuffers,1,1,1,1,0
1690110,Crazy Cruiser,1,1,1,0,0
1690109,Crash Cycle,1,1,1,1,0
1690116,Moses Hightower,1,1,1,1,0
1690108,Claw,1,1,1,1,0
1690117,Mr. Sleaze,1,1,1,1,0
1690118,Numbskull,1,1,1,1,0
1690121,Zed,1,1,1,1,0
1690124,SWAT Eugene Tackleberry,1,1,1,1,0
1690127,Kingpin,1,1,1,1,0
1690125,Flunghi,1,1,1,1,0
1690123,Copper Corner,1,1,1,0,0
1690129,Undercover Carey Mahoney,1,1,1,1,0
1690130,Snack Attack House,1,1,1,1,0
1690132,Sky Gliden Zed,1,1,1,1,0
1741904,Drrench,1,1,1,1,0
1741902,Bakatak,1,1,1,1,0
1741901,Arkus,1,1,1,1,0
1741900,Adam Power,1,1,1,1,0
1741913,Evol,1,1,1,1,0
1741905,Ggripptogg,1,1,1,1,0
1741916,Warbot,1,1,1,1,0
1741909,Tork,1,1,1,1,0
1741915,Thrash,1,1,1,0,0
1741908,Sydot the Supreme,1,1,1,1,0
1741907,Shaya,1,1,1,1,0
1741906,Raygoth,1,1,1,1,0
1785133,Bones,1,1,1,0,0
1785058,Blue Ranger,1,1,1,1,0
1785132,Baboo,1,1,1,0,0
1785136,King Sphinx,1,1,1,1,0
1785049,Tyrannosaurus Battle Bike,1,1,1,1,0
1785174,Saba the Tiger Sabre,1,1,1,1,0
1785063,Pink Ranger,1,1,1,1,0
1785095,Pirantis Head,1,1,1,1,0
1785108,Killer Bite Slippery Shark,1,1,1,1,0
1785148,Karate Kickin Trini,1,1,1,1,0
1785023,Power Dome Morphin Playset,1,0,1,0,0
1785093,Guitardo,1,1,1,1,0
1785092,Goo Fish,1,1,1,0,0
1785202,Red Dragon Thunderzord,1,1,1,1,0
1785213,White Tigerzord with White Ranger,1,1,1,1,0
1785209,Tor the Shuttlezord,1,1,1,0,0
1785097,Socadillo,1,1,1,0,0
1785120,Snapping Chest Flytrap,1,1,1,1,0
1785119,Head Butting Robo Goat,1,1,1,1,0
1785117,Evil Light Lord Zed,1,1,1,1,0
2366908,Pulsar,1,1,1,0,0
2406164,Egon Spangler with Gulper Ghost,1,1,1,1,0
2406168,Green Ghost,1,1,1,1,0
2406169,Peter Venkman with Grabber Ghost,1,1,1,1,0
2406173,Stay-Puft Marshmallow Man,1,1,1,1,0
2406171,Ray Stantz with Wrapper Ghost,1,1,1,1,0
2406083,Winston Zedmore with Chomper Ghost,1,1,1,1,0
2443456,Stay Puffed Nightlight AM Radio,1,1,1,1,1
2443455,Gumball Machine Coin Bank,1,1,1,1,1
2443454,Dancing Slimer FM Radio,1,1,1,1,1
2443453,Ceiling Fan,1,1,1,0,1
2443452,AM/FM Headphone Radio,1,1,1,1,1
2406082,Stay-Puft Marshmallow Man,2,0,2,0,0
2406079,Green Ghost,1,1,1,1,1
6576078,Ghostzapper,1,1,1,0,1
2406044,Ecto-Glow Hero: Egon Spangler,1,1,1,1,0
2406045,Ecto-Glow Hero: Louis Tully,1,1,1,1,0
2406046,Ecto-Glow Hero: Peter Venkman,1,1,1,1,0
2406048,Ecto-Glow Hero: Winston Zedmore,1,1,1,1,0
2406047,Ecto-Glow Hero: Ray Stantz,1,1,1,1,0
2406087,H2Ghost,1,1,1,1,0
2406088,Gooper Ghost-Sludge Bucket,1,1,1,1,0
2406084,Bad-Too-The-Bone Ghost,1,1,1,1,0
2406042,Proton Pack,1,1,1,0,0
2406098,Mini Ghost: Mini Shooter,1,1,1,1,1
2406097,Mini Ghost: Mini Goopers,1,1,1,1,0
2406055,Fright Feature Winston Zedmore,1,1,1,1,0
2406054,Fright Feature Ray Stantz,1,1,1,1,0
2406053,Fright Feature Peter Venkman,1,1,1,1,0
2406051,Fright Feature Egon Spangler,1,1,1,1,0
2406039,Firehouse,1,1,0,0,0
2406099,Mini Ghost: Mini Traps,1,1,1,1,0
2406100,Pull Speed Ahead Ghost,1,1,1,1,0
2406126,Highway Haunter,1,1,1,1,1
2406102,Haunted Human: Tombstone Tackle,1,1,1,1,0
2406096,Haunted Human: Mail Fraud,1,1,1,1,1
2406095,Haunted Human: Hard Hat Horror,1,1,1,1,0
2406093,Haunted Human: Granny Gross,1,1,1,1,1
2406104,Haunted Human: Ex-Cop,1,1,1,1,0
2406094,Gooper Ghost: Green Ghost,1,1,0,0,0
2406052,Fright Feature: Janine Melnitz,1,1,1,1,0
2406121,Ecto-2,1,1,1,1,0
2406101,Haunted Human: Terror Trash,1,1,1,1,0
2406091,Brain Blaster Ghost,1,1,1,1,0
2406063,Monster: Mummy,1,1,1,1,0
2406062,Monster: Frankenstein,1,1,1,1,0
2406061,Monster: Dracula,1,1,1,1,0
2406064,Monster: Quasimodo,1,1,1,1,0
2406065,Monster: Wolfman,1,1,1,1,0
2406066,Monster: Zombie,1,1,1,1,1
2406073,Screaming Hero: Egon Spangler,1,1,1,1,0
2406103,Wicked Wheelie,1,1,1,1,0
2406077,Screaming Hero: Winston Zedmore,1,1,1,0,0
2406076,Screaming Hero: Ray Stantz,1,1,1,1,1
2406075,Screaming Hero: Peter Venkman,1,1,1,1,0
2406074,Screaming Hero: Janine Melnitz,1,1,1,1,0
2406059,Green Ghost with Proton Pack,1,1,1,1,0
6576089,Finger Pop Fiends,1,1,1,1,0
2406112,Fearsome Flush,1,1,1,1,0
2406118,Super Fright Features: Winston Zedmore,1,1,1,1,0
2406116,Super Fright Features: Ray Stantz,1,1,1,1,1
2406115,Super Fright Features: Peter Venkman,1,1,1,1,1
2406114,Super Fright Features: Janine Melnitz,1,1,1,1,0
2406111,Super Fright Features: Egon Spangler,1,1,1,1,0
2406113,Ghost Trap,1,1,1,0,0
2406122,Ecto-3,1,1,1,1,0
2406071,Power Pack Heroes: Ray Stantz,1,1,1,1,0
2406070,Power Pack Heroes: Peter Venkman,1,1,1,1,0
2406069,Power Pack Heroes: Louis Tully,1,1,1,1,0
2406068,Power Pack Heroes: Janine Melnitz,1,1,1,1,0
2406067,Power Pack Heroes: Egon Spangler,1,1,1,1,0
2406058,Goblin' Goblins: Terror Tongue,1,1,1,1,0
2406057,Goblin' Goblins: Terrible Teeth,1,1,1,1,0
2406072,Power Pack Heroes: Winston Zedmore,1,1,1,1,0
2406056,Goblin' Goblins: Nasty Neck,1,1,1,1,0
2406125,Ghost Sweeper,1,1,1,1,0
2406123,Ecto-500,1,1,1,0,0
2406108,Slimed Heroes: Ray Stantz,1,1,1,1,0
2406107,Slimed Heroes: Peter Venkman,1,1,1,1,0
2406106,Slimed Heroes: Louis Tully,1,1,1,1,0
2406105,Slimed Heroes: Egon Spangler,1,1,1,1,0
2406120,Ecto-1A,1,1,1,0,1
2406109,Slimed Heroes: Winston Zedmore,1,1,1,1,0
4650212,Battle Blaster,1,1,1,0,0
2477307,Exedore,1,1,1,1,0
2477305,Breetai,1,1,1,1,0
15275,The Magic Gemstone,1,1,0,0,1
2579496,Dargon (Night Fighting) and Parafly,1,1,1,1,0
2579494,Commander Waspax and Winged,3,0,0,0,1
2579503,Hyve,1,1,1,0,1
2579498,Mantor and Raplor,1,1,1,1,0
2579502,Zak and Bitaur,2,2,2,2,1
2579501,Skulk and Trancula,1,1,0,0,0
2579500,Skitto and Toxcid,2,0,0,0,1
2579499,Pinsor and Battle Beetle,1,1,0,0,0
3602953,Warning Detector Set,1,1,1,1,1
3602952,Toothbrush and Stand,1,1,1,1,1
3602951,Birthday Invitations,1,1,1,1,1
2599929,MonStar with Sky-Shadow,1,1,1,1,0
2599939,Maraj,1,0,1,0,0
2599924,Copper Kid with May Day,1,1,1,1,0
2599921,Buzz-Saw with Shredator,1,1,1,1,0
2599931,Mumbo-Jumbo with Airshock,1,1,1,1,0
2599932,Quicksilver with Tally-Hawk,1,1,1,1,0
2599941,Sky-Shadow,1,1,0,0,0
2599934,Stargazer with Sly-Bird,1,1,1,1,0
2599942,Sprint Hawk,1,1,1,1,0
2599937,Windhammer with Tuning Fork,1,1,1,1,0
7788069,Steelwill Ultrasonic Suit,1,1,1,1,1
2599930,Moon Styker with Tail-Spin,1,1,1,1,0
2599926,Hardware with Prowler,1,1,1,1,0
2599920,Bluegrass Ultrasonic Suit,1,1,1,1,0
2599922,Condor with Jet Stream,1,1,1,1,0
2753308,Klingon,1,1,0,0,0
2753307,Doctor McCoy,1,1,0,0,0
2753306,Captain Kirk,1,1,0,0,0
2753311,USS Enterprise Action Playset,1,1,1,0,0
2753316,Neptunian,1,1,0,0,0
12958,X-Wing Fighter,1,1,1,0,0
12956,Hoth World: Hoth World,1,1,1,0,0
12954,Hoth World: Hoth Turret Defense,1,1,1,0,0
8333532,Princess Leia,1,1,0,0,0
8333525,Luke Skywalker,1,1,0,0,0
8333523,Jawa,1,1,0,0,0
8333521,Han Solo,1,1,0,0,0
8333516,Death Squad Commander,1,1,0,0,0
8333515,Darth Vader,1,1,0,0,0
8333514,Chewbacca,1,1,0,0,0
8333529,Ben (Obi-Wan) Kenobi,1,1,0,0,0
8333533,Artoo-Detoo (R2-D2),1,1,0,0,0
8333539,Sand People,1,1,0,0,0
8333513,See-Threepio (C-3PO),1,1,0,0,0
8333538,Stormtrooper,1,1,0,0,0
8333517,Death Star Droid,1,1,0,0,0
8333531,Walrus Man,1,1,0,0,0
8333535,Snaggletooth,1,1,0,0,0
8333534,R5-D4,1,1,0,0,0
8333519,Power Droid,1,1,0,0,0
8333527,Luke Skywalker: X-wing Pilot,1,1,0,0,0
8333528,Hammerhead,1,1,0,0,0
8333520,Greedo,1,1,0,0,0
8333547,Boba Fett,1,1,0,0,0
8333562,Lando Calrissian,1,1,0,0,0
8333572,Imperial Stormtrooper (Hoth Battle Gear),1,1,0,0,0
8333559,IG-88,1,1,0,0,0
10286,Hoth Ice Planet,1,1,1,0,1
8333556,Han Solo (Hoth Outfit),1,1,0,0,0
8333554,FX-7,1,1,0,0,0
8333552,Bossak (Bounty Hunter),1,1,0,0,0
8333567,Leia Organa (Bespin Gown),1,1,0,0,0
8333551,Bespin Security Guard,1,1,0,0,0
8333565,Luke Skywalker (Bespin Fatigues),1,1,0,0,0
8333558,Rebel Soldier (Hoth Battle Gear),1,1,0,0,0
8333574,Yoda,1,1,0,0,0
8333573,Ugnaught,1,1,0,0,0
8333571,Rebel Commander,1,1,0,0,0
13004,Rebel Command Center Adventure Set,1,1,1,0,0
8333563,Lobot,1,1,0,0,0
8333569,Leia (Hoth Outfit),1,1,0,0,0
8333560,Imperial Commander,1,1,0,0,0
8333555,Han Solo (Bespin Outfit),1,1,0,0,0
8333553,Dengar,1,1,0,0,0
8333550,AT-AT Driver,1,1,0,0,0
8333548,2-1B,1,1,0,0,0
8333566,Luke Skywalker (Hoth Battle Gear),1,1,0,0,0
8333582,C-3PO (Removable Limbs),1,1,0,0,0
8333551,Bespin Security Guard,1,1,0,0,0
8333549,AT-AT Commander,1,1,0,0,0
8333578,Artoo-Detoo (R2-D2) (with Sensorscope),1,1,0,0,0
8333577,(Twin-Pod) Cloud Car Pilot,1,1,0,0,0
8333579,Zuckuss,1,1,0,0,0
8333581,4-LOM,1,1,0,0,0
8333583,Imperial Tie Fighter Pilot,1,1,0,0,0
8333608,Weequay,1,1,0,0,0
8333607,Squid Head,1,1,0,0,0
8333604,Ree-Yees,1,1,0,0,0
8333590,Rebel Commando,1,1,0,0,0
8333603,Pricess Leia Organa (Boushh Disguise),1,1,0,0,0
8333601,Nien Nunb,1,1,0,0,0
8333599,Luke Skywalker (Jedi Knight Outfit),1,1,0,0,0
8333596,Lando Calrissian (Skiff Guard Disguise),1,1,0,0,0
8333594,Klaatu,1,1,0,0,0
8333592,General Madine,1,1,0,0,0
8333591,Gamorrean Guard,1,1,0,0,0
8333589,Emperor's Royal Guard,1,1,0,0,0
8333587,Chief Chirpa,1,1,0,0,0
8333586,Biker Scout,1,1,0,0,0
8333597,Logray (Ewok Medicine Man),1,1,0,0,0
8333585,Bib Fortuna,1,1,0,0,0
8333580,Admiral Ackbar,1,1,0,0,0
8333584,8D8,1,1,0,0,0
8333609,AT-ST Driver,1,1,0,0,0
8333610,B-Wing Pilot,1,1,0,0,0
8333611,Han Solo (Trench Coat),1,1,0,0,0
8333595,Klaatu (Skiff Guard Outfit),1,1,0,0,0
8333618,Wicket W. Warrick,1,1,0,0,0
8333613,The Emperor,1,1,0,0,0
8333617,Teebo,1,1,0,0,0
8333616,Rancor Keeper,1,1,0,0,0
8333615,Prune Face,1,1,0,0,0
8333614,Princess Leia Organa (in Combat Poncho),1,1,0,0,0
8333602,Nikto,1,1,0,0,0
8333624,Paploo,1,1,0,0,0
8333648,Lumat,1,1,0,0,0
8333622,Imperial Dignitary,1,1,0,0,0
8333621,Han Solo (Carbonite Chamber),1,1,0,0,0
8333644,EV-9D9,1,1,0,0,0
8333645,Barada,1,1,0,0,0
8333619,A-Wing Pilot,1,1,0,0,0
8333649,Artoo-Detoo (R2-D2) with pop-up Lightsaber,1,1,0,0,0
8333643,Anakin Skywalker,1,1,0,0,0
8333642,Amanaman,1,1,0,0,0
8333620,Imperial Gunner,1,1,0,0,0
8333646,Lando Calrissian (General Pilot),1,1,0,0,0
8333647,Luke Skywalker (Battle Poncho),1,1,0,0,0
8333623,Luke Skywalker (Imperial Stormtrooper Outfit),1,1,0,0,0
8333651,Warok,1,1,0,0,0
8333650,Romba,1,1,0,0,0
8333652,Yak Face,1,1,0,0,0
2774582,Deadeye and Cricket (Cosmittor),1,1,1,0,0
2774574,Armored Battle Station,1,1,1,0,0
2774595,Windstorm (Vultor),1,1,1,0,0
2774593,Twinhorn (Stalkor),1,1,1,0,0
2805747,Berry Happy Home,1,0,0,0,0
2805744,Party Pleasers: Mint Tulip with Marsh Mallard,1,1,1,1,0
2805742,Party Pleasers: Café Ole with Burrito Burro,1,1,1,1,0
2805741,Party Pleasers: Apple Dumplin with TeaTime Turtle,1,1,1,1,0
2805740,Party Pleasers: Angel Cake with Souffle Skunk,1,1,1,1,0
2805739,Party Pleasers: Almond Tea with Marza Panda,1,1,1,1,0
8088527,Berry Baby Orange Blossom with Bottle,1,1,1,1,0
2836923,Burnheart,1,1,1,1,0
2836936,Wierd Wolf,1,1,1,1,0
2836935,Vamp-Paw,1,1,1,1,0
2836922,Tomb of Doom,1,1,1,1,0
2836934,Spooks,1,1,1,1,0
2836925,Snakebite,1,1,1,1,0
2836924,Skull,1,1,1,1,0
2836933,See-Thru,1,1,1,1,0
2836932,Scary Cat,1,1,1,1,0
2836931,Rags,1,1,1,1,0
2836930,Mr. Lucky,1,1,1,1,0
2836927,Lionheart,1,1,1,1,0
2836929,Hooter,1,1,1,1,0
2836920,Ghost Finder,1,1,1,1,0
2836926,Eagle Eye,1,1,1,1,0
6609015,Teddy Ruxpin,1,1,1,0,0
6609019,The Missing Princess - Book & Tape,1,1,0,0,0
6609021,The Wooly What's-It - Book & Tape,1,1,0,0,0
6609016,Teddy Ruxpin Lullabys - Book & Tape,1,1,0,0,0
6609020,The Story of the Faded Fobs - Book & Tape,1,1,0,0,0
6609011,Grubby's Romance - Book & Tape,1,1,0,0,0
6609017,Teddy Ruxpin's Birthday - Book & Tape,1,1,0,0,0
6609022,Tweeg and the Bounders - Book & Tape,1,1,0,0,0
6609018,Teddy's Winter Adventure - Book & Tape,1,1,0,0,0
6609013,Land of Grundo Map,1,1,1,0,0
6609014,Teddy and the Mudblups - Book & Tape,1,1,0,0,0
6609012,Grunge Music - Book & Tape,1,1,0,0,0
6454039,Wobble Writer Pen - Raphael,1,1,1,1,0
6454036,Wobble Writer Pen - Donatello,1,1,1,1,0
2865726,3D It Character Creator Mega Refill,1,1,1,1,1
3055022,Metalhead,1,1,1,1,1
3055019,Kraang,1,1,1,1,1
3055017,Fishface,1,1,1,1,1
3055040,Shredder,1,1,1,1,1
3055039,Shell Raiser,1,1,1,0,1
3055034,Ninja Stealth Bike,2,0,0,0,1
3055041,Splinter,1,1,1,1,1
3055091,Ninjas in Training Michael Angelo and Raphael,1,1,1,1,0
3055085,Ninja AT-3,1,1,1,1,0
3055092,Ooze Chuckin Mikey,1,1,1,1,0
3055084,Mutagen Ooze,1,1,1,1,1
3055081,M.O.U.S.E.R.S.,1,1,1,1,1
3055108,Throw N' Battle Donatello,1,1,1,1,0
3055107,The Rat King,1,1,1,1,1
3055106,Stealth Tech Raphael,1,1,1,1,0
3055105,Stealth Tech Michael Angelo,2,0,0,0,0
3055104,Stealth Tech Leonardo,1,1,1,1,0
3055103,Stealth Tech Donatello,1,1,1,1,0
3055102,Spider Bytes,1,1,1,1,1
3055101,Snakeweed,1,1,1,1,1
3055048,Baxter Stockman,1,1,1,1,1
3055043,Anchovy Alley,1,1,1,1,0
3055068,Flingers Michael Angelo,1,0,0,0,1
3055056,Cockroach Terminator,1,1,1,1,1
3055167,Rocksteady,1,1,1,1,1
3055166,Robotic Foot Soldier,1,1,1,1,1
3055162,Raph the Barbarian,1,1,1,1,0
3055160,Original Comic Book Raphael,1,1,1,1,0
3055159,Original Comic Book Michael Angelo,1,1,1,1,0
3055158,Original Comic Book Leonardo,1,1,1,1,0
3055186,Turtle Sub,1,1,1,1,0
3055183,Tiger Claw,1,1,1,1,1
3055178,Squirrelanoid,1,1,1,1,1
3055157,Original Comic Book Donatello,1,1,1,1,0
3055132,Fire Escape Free Fall,1,1,1,1,0
3055129,Donnie the Wizard,1,1,1,1,0
3055117,Bebop,1,1,1,1,1
3055136,High Flying Blimp,1,1,1,1,0
3055150,Mutagen Man,1,1,1,1,0
3055149,Mikey the Elf,1,1,1,1,0
3055145,Leo the Knight,1,1,1,1,0
3055144,Kirby Bat,1,1,1,1,1
3055142,Interactive Talking Raphael,1,1,0,0,0
3055140,Interactive Talking Michael Angelo,1,1,0,0,0
3055139,Interactive Talking Leonardo and Donatello,1,1,0,0,0
3055279,Secret Sewer Layer Playset with Dimension X Portal,1,1,1,0,0
3055277,Savage Mikey,1,1,1,1,0
3055193,Dark Beaver,1,1,1,1,0
3055191,Baxter-Fly,1,1,1,1,0
3055189,Atilla the Frog,1,1,1,1,0
3055278,SDCC Giant Metal Mutant Leonardo,1,1,1,1,0
3055252,Mutations Mix & Match: Slash,1,1,1,1,0
3055259,Napoleon Bonafrog,1,1,1,1,0
3055270,Pizza Thrower,1,1,1,0,0
3055269,Party Wagon,1,1,1,0,0
3055199,Fugitoid,1,1,1,1,1
3055228,Mozar,1,1,1,1,0
3055227,Monkey Brains,1,1,1,1,0
3055226,Mondo Gekko,1,1,1,1,0
3055225,Mikey Turflytle,1,1,1,1,0
3055222,Lord Dregg,1,1,1,1,0
3055219,Karai Serpent,1,1,1,1,0
3055331,Spy Line Raph,1,1,0,0,0
3055324,Shake'ems Raphael,1,1,1,1,0
3055322,Shadow Ninja Color Change Mikey,1,1,0,0,0
3055329,Spy Line Leo,1,1,0,0,0
3055347,Super Shredder,1,1,1,1,0
3055346,Super Ninja Raph,1,1,1,1,0
3055345,Super Ninja Mikey,1,1,1,1,0
3055344,Super Ninja Leo,1,1,1,1,0
3055287,Armaggon,1,1,1,1,0
3055311,Karai,1,1,1,1,0
3055310,Fugitoid Ship,1,1,1,1,0
3055307,Dimension X Casey Jones,1,1,1,1,1
3055306,Dimension X April O'Neil,1,1,1,1,0
3055319,Robug,1,1,1,1,0
3055372,Twist-N-Mutate Leonardo,1,1,1,1,0
3055371,Tongue Poppin Mikey,1,1,1,1,0
3055377,WWE Ninja Superstars: Michael Angelo as Macho Man Randy Savage,1,1,1,1,0
3055369,Talk to Me Mikey,1,1,1,0,0
3055378,WWE Ninja Superstars: Raphael as Sting,1,1,1,1,0
3055417,Samurai Donnie,1,1,1,1,0
3055418,Samurai Leo,1,1,1,1,0
3055407,Ninja Ghostbusters: Raphael as Zedmore,1,1,1,1,0
3055406,Ninja Ghostbusters: Michael Angelo as Venkman,1,1,1,1,0
3055405,Ninja Ghostbusters: Leonardo as Stantz,1,1,1,1,0
3055404,Ninja Ghostbusters: Donatello as Spengler,1,1,1,1,0
3055419,Samurai Mikey,1,1,1,1,0
3055420,Samurai Raph,1,1,1,1,0
3055421,Samurai Usagi,2,0,2,2,0
3055438,Tales of the TMNT Repaint: Ragin Leatherhead,2,0,0,0,0
3055437,Tales of the TMNT Repaint: Mystic April O'Neil,1,1,1,1,0
3055434,Tales of the TMNT Repaint: Lethal Robotic Foot Soldier,1,1,1,1,0
3055425,Sweeper Ops Playset,1,1,1,1,0
3055423,Sewer Skateboard with Michael Angelo,1,1,1,1,0
3055398,Mutant XL: Raphael,1,1,1,1,0
3055379,80s Bebop,1,1,1,1,0
3055380,80s Leonardo,2,0,0,0,0
3055397,Mutant XL: Michael Angelo,1,1,1,1,0
3055396,Mutant XL: Leonardo,1,1,1,1,0
3055395,Mutant XL: Donatello,1,1,1,1,0
3055389,Mutant Mummy Leo,1,1,1,1,0
3055388,Muckman,1,1,1,1,0
3055387,Monster Hunter Raph,2,0,0,0,0
3055383,Frankendon,1,1,1,1,0
3055382,Crimson Leader,1,1,1,1,0
3055381,80s Rocksteady,1,1,1,1,0
3055399,Mutant XL: Usagi Yojimbo,1,1,1,1,0
3055439,Tales of the TMNT Repaint: Rookies in Training Donnie and Leo,1,1,1,1,0
3055442,Tales of the TMNT Repaint: Sensei Splinter,1,1,1,1,0
3055455,Werewolf Mikey,1,1,1,1,0
3055454,Warrior Horse with Samurai Usagi Yojimbo,2,0,0,0,0
3055453,Warrior Horse with Samurai Raph,1,1,1,1,0
3055452,Warrior Horse with Samurai Mikey,1,1,1,1,0
3055451,Vampire Raph,1,1,1,1,0
3055446,Trash Truck,1,1,1,1,0
3055445,Tales of the TMNT Repaint: Vigilante Casey Jones,1,1,1,1,0
3055444,Tales of the TMNT Repaint: Toxic Mutagen Man,1,1,1,1,0
3055450,Usagi Yojimbo,1,1,1,1,0
3024225,Sh'okanavo,1,1,1,1,0
3024201,Cody,1,1,1,1,0
3024202,Dark Don,1,1,1,1,0
3024203,Dark Leo,1,1,1,1,0
3024214,Leonardo,1,1,1,1,0
3024213,Jammerhead,1,1,1,1,0
3024211,Hover HQ,1,1,1,1,0
3024205,Dark Raph,1,1,1,1,0
3024204,Dark Mike,1,1,1,1,0
3024222,Serling,1,1,1,1,0
3117943,Michel Angelo,1,1,1,1,0
4853185,Pet Turtle Playset: Mutatin Battle Arena,1,1,1,1,1
3086528,Shredder,1,1,1,1,0
3086524,Rank Warrior,1,1,1,1,0
3086523,Mutant Maurader,1,1,1,1,0
3086521,Mega Motorin' Elite Guard with Street Cycle,1,1,1,1,0
3086517,Elite Guard,1,1,1,1,0
3086514,Deluxe Figure Set,1,1,1,1,0
3086513,Black Top Boardin' Venus,1,1,1,1,0
3086532,Bonesteel,1,1,1,1,0
3086546,Vam Mi,1,1,1,1,0
2866355,Mike X King Ghidorah,1,1,1,1,0
3117947,Leo X Godzilla,1,1,1,1,0
2992764,MT-22,1,1,1,1,1
2992765,RC Dune Buggy,1,1,0,0,1
3020664,Coin Bank / Gumball Machine,1,1,1,1,1
3020665,RC Back to the Sewer: Sewer Van,1,1,1,1,1
6454037,Wobble Writer Pen - Leonardo,1,1,1,1,0
6454038,Wobble Writer Pen - Michael Angelo,1,1,1,1,0
2992711,Thrashin' Mike,1,1,1,1,0
2992710,Splinter,1,1,1,1,0
2992709,Skatin' Raph,1,1,1,1,0
2992708,Shredder,1,1,1,1,0
2992707,Scootin' Leo,1,1,1,1,0
2992706,Raphael,1,1,1,1,0
2992703,Foot Soldier,1,1,1,1,0
2992702,Donatello,1,1,1,1,0
2992701,Biker Don,1,1,1,1,0
2992724,Hun,1,1,1,1,0
2992722,Giant Michael Angelo,1,1,1,1,0
2992728,Nanotech Monster,1,1,1,1,0
2992716,Fightin' Gear Mike,1,1,1,1,0
2992713,Casey Jones,1,1,1,1,0
2992712,April O'Neil,1,1,1,1,0
2992760,Turtle Layer,1,1,1,0,1
2992759,Super-Poseable Raphael,1,1,1,1,0
2992758,Super-Poseable Michael Angelo,1,1,1,1,0
2992736,Armorized Shredder,1,1,1,1,0
2992756,Super-Poseable Donatello,1,1,1,1,0
2992752,Sewer Slider,1,1,1,1,0
2992751,Razer Jet,1,1,1,1,0
2992748,Mutatin' Raphael,1,1,1,1,0
2992742,Foot Gunner,1,1,1,1,0
2992779,Turtlebot,1,1,1,1,0
2992776,Stone Biter,2,0,0,0,0
2992773,Space Hoppin' Leonardo,1,1,1,1,0
2992771,Razer Fist,2,0,0,0,0
2992770,Leatherhead,1,1,1,1,0
2992768,Foot Fire Mystic,1,1,1,1,0
2992821,Utrom,1,1,1,1,0
2992820,Usagi Yojimbo,1,1,1,1,0
2992810,Ripped Up Michael Angelo,1,1,1,1,0
2992807,Ninja Knight Raphael,1,1,1,1,0
2992806,Ninja Knight Michael Angelo,1,1,1,1,0
2992805,Ninja Knight Leonardo,1,1,1,1,0
2992795,Multi-Arm Shredder,1,1,1,1,0
2992794,Guardian Ninja,1,1,1,1,0
2992793,Fugitoid,1,1,1,1,1
2992792,Dr. Malignus,1,1,1,1,0
2992787,Commander Mozar,1,1,1,1,0
2992785,Baxter Stockman,1,1,1,1,0
2992838,Elite Commando,1,1,1,1,0
2992832,Butterfly Swords,1,1,1,1,0
2992827,Air Ninja Shredder,1,1,1,1,0
2992845,Leo vs. T-Rex,1,1,1,1,0
2992864,S.W.A.T. Battle Pack,1,1,1,1,1
2992871,Ultimate Daimyo,1,1,1,1,0
2992901,Monster Trapper Michael Angelo,1,1,1,1,0
2992899,Monster Trapper Donatello,1,1,1,1,0
2992898,Hamato Yoshi,1,1,1,1,0
2992888,Bonus 2 Pack: Turtle Titan Mike/Foot Fire Mystic,1,1,1,1,0
2992895,Gen,1,1,1,1,0
2992917,Robo Hunter Raph,1,1,1,1,0
2992916,Robo Hunter Mike,1,1,1,1,0
2992915,Robo Hunter Leo,1,1,1,1,0
2992914,Robo Hunter Don,1,1,1,1,0
2992912,Ripped Up Mike,1,1,1,1,0
2992980,Shellastic Mike,1,1,1,1,0
2992979,Shellastic Leo,1,1,1,1,0
2992976,Shell Kicker Mike,1,1,1,1,0
2992975,Shell Kicker Leo,1,1,1,1,0
2992972,S.W.A.T. Attack Pack,1,1,1,1,1
2992969,Raphael vs. The Yeti,1,1,1,1,0
2992966,Paleo Patrol: Tricera-Tank,1,1,1,1,0
2992947,M.E.S.S. Donatello,1,1,1,1,0
2992963,Paleo Patrol: Allosaurus,1,1,1,1,0
2992961,Paleo Patrol Splinter,1,1,1,1,0
2992960,Paleo Patrol Savanti Romero,1,1,1,1,0
2992958,Paleo Patrol Raph,1,1,1,1,0
2992956,Paleo Patrol Mike,1,1,1,1,0
2992955,Paleo Patrol Leo,1,1,1,1,0
2992953,Mutant Copter,1,1,1,1,0
3086560,Spider Aracknor and Jersey Devil,1,1,1,1,1
3086558,Raph vs. General Aguila,1,1,1,1,0
3086557,Mike vs. General Serpient,1,1,1,1,0
3086556,Michael Angelo,1,1,1,1,0
3086555,Max Winters,1,1,1,1,0
3086553,Leo vs. General Gato,1,1,1,1,0
3086552,Karai,1,1,1,1,0
3086551,Foot Ninja,1,1,1,1,0
3086549,Don vs. General Mono,1,1,1,1,0
3086566,Vampire Succubor,1,1,1,1,0
3086603,Shredder,1,1,1,1,0
3086604,Sloth Monster,1,1,1,1,0
3086594,Mutatin' Mike,1,1,1,1,0
3086593,Mutatin' Leo,1,1,1,1,0
3086592,Mutatin' Don,1,1,1,1,0
3086590,Monster Capture Raph,1,1,1,1,0
3086589,Monster Action Tower,1,1,1,1,0
3086595,Mutatin' Raph,1,1,1,1,0
3086576,Cowabunga Carl Party Van,1,1,0,0,0
3086571,Big Foot (Mail in Promo),1,1,0,0,0
3086647,Raph's Iron Pumpin' Gym,1,1,1,1,0
3086626,Leo's Ninja Dojo Mega Pack,1,1,1,1,0
3086610,Alien Hunter Michael Angelo,1,1,1,1,0
3086609,Alien Hunter Leonardo,1,1,1,1,0
3086665,Aerial Assault Donatello and Foot Ninja,1,1,1,1,0
2864250,Alarm Clock,1,1,1,1,1
2864251,April O'Neil Digital Watch,1,1,1,1,1
2864252,Donatello Nightlight,1,1,0,0,1
2864253,Donatello Weighlifting Mirror,1,1,0,0,1
2864265,Turtle Van Floating Soap Dish,1,1,1,1,1
2864264,Teenage Mutant Ninja Turtles Colorforms,1,0,0,0,1
2864263,Teenage Mutant Hero Turtles Electronic Pinball,1,1,1,1,1
2864262,Subterranian Sewer Hockey,1,1,0,0,1
2864261,Sewer Toy Storage Chest,1,1,0,0,1
2864260,Sewer Scope Periscope,1,1,1,1,1
2864259,Raph's Turtle Tugboat Soap Dish,1,1,1,1,1
2864258,Leonardo Yo-Yo,1,1,1,1,1
2864257,Leonardo Surfing Mirror,1,1,0,0,1
2864256,Leonardo Nightlight,1,1,0,0,1
2864255,Fofone,1,1,1,1,0
2864254,Don't Do Drugs! A Rap Song,1,1,0,0,1
2888864,Foot Soldier,1,1,1,1,1
2888863,Donatello,1,1,1,1,1
2888861,Be-Bop,1,1,1,1,1
2888860,April,1,1,1,1,1
2888865,Gags Jokes and Crazy Weapons: Set 1 Squirting Ring,1,1,1,1,0
2888866,Gags Jokes and Crazy Weapons: Set 2 Disappearing Ink,1,1,1,1,0
2888868,Knuckle Head,1,1,1,0,1
2888867,Gags Jokes and Crazy Weapons: Set 3 Razzer,1,1,1,1,0
2888883,Turtle Battle Fun Set: Raphael,1,1,1,1,0
2888882,Turtle Battle Fun Set: Michael Angelo,1,1,1,1,0
2888881,Turtle Battle Fun Set: Leonardo,1,1,1,1,0
2888880,Turtle Battle Fun Set: Donatello,1,1,1,1,0
2888885,Turtle Trooper,1,1,1,1,0
2888875,Splinter,1,1,1,1,1
2888874,Shredder,1,1,1,1,1
2888873,Rocksteady,1,1,1,1,0
2888872,Raphael,1,1,0,0,1
2888871,Party Wagon,1,1,1,1,0
2888870,Michael Angelo,2,0,2,2,2
2888869,Leonardo,1,1,1,1,0
2961777,Ankyl Leo,1,1,1,1,0
2961779,Pteran Don,1,1,1,1,0
2961788,Tyranno Shredder,1,1,1,1,0
2961787,Tricera Mike,1,1,1,1,0
2961780,Stego Raph,1,1,1,1,0
2888909,Usagi Yojimbo,2,2,2,2,0
2888907,Sewer Swimmin' Donatello,1,1,1,1,1
2888906,Sewer Playset,1,0,1,0,0
2888905,Sewer Party Tube,1,1,1,1,0
2888902,Retro Catapult,1,1,1,1,0
2888901,Rat King,2,2,2,2,1
2888898,Metalhead,1,1,1,1,1
2888897,Leatherhead,1,1,1,1,0
2888896,Krang,1,1,1,1,1
2888903,Rock N' Roll Michael Angelo,1,1,1,1,0
2888895,Ghengis Frog,1,1,1,1,1
2888894,General Traag,1,1,1,1,1
2888892,Foot Cruiser,1,1,1,1,0
2888891,Flush 'O Matic,1,1,1,1,0
2888890,Double Barreled Plunger Gun,1,1,1,1,0
2888889,Casey Jones,1,1,1,1,0
2888887,Baxter Stockman,1,1,1,1,0
2888886,Ace Duck,2,0,2,0,2
2888911,Don the Storage Shell Turtle,1,1,1,1,0
2888910,Creepy Crawlin' Splinter,1,1,1,1,1
2888912,Donatello the Undercover Turtle,1,1,1,1,1
2888913,Fugitoid,1,1,1,1,0
2888914,Giant Turtles: Donatello,1,1,0,0,0
2888915,Giant Turtles: Leonardo,1,1,0,0,0
2888932,Pizzaface,1,1,1,1,0
2888931,Panda Khan,1,1,1,1,1
2888929,Needlenose,1,1,1,1,0
2888928,Napoleon Bonafrog,2,0,2,2,1
2888927,Mutant Module,1,1,1,0,0
2888925,Mutagen Man,1,1,1,1,0
2888924,Muckman & Joe Eyeball,1,1,1,1,0
2888923,Mondo Gekko,1,1,1,1,1
2888922,Mike the Sewer Surfer,1,1,1,1,0
2888921,Michael Angelo's Sewer Exploration Belt,1,1,1,0,0
2888920,Leonardo's Sewer Force Sword,1,1,1,1,0
2888919,Leo the Sewer Samarai,1,1,1,1,0
2888918,Killer Bee,1,0,1,0,1
2888917,Giant Turtles: Raphael,1,1,0,0,0
2888916,Giant Turtles: Michael Angelo,1,1,0,0,0
2888933,Psycho Cycle,1,1,1,0,0
2888934,Raph the Space Cadet,1,1,1,1,0
2888935,Raphael's Sewer Spy Goggles,1,1,1,1,0
2888936,Ray Fillet,1,1,1,1,0
2888948,Wingnut & Screwloose,2,2,2,2,0
2888947,Turtle Copter,1,1,1,0,1
2888946,Triceraton,1,1,1,1,0
2888943,Sword Slicin' Leo,1,1,1,1,0
2888942,Sludgemobile,1,1,1,0,0
2888941,Slice N' Dice Shredder,1,1,1,1,1
2888940,Slash,1,1,1,1,0
2888939,Sewer Seltzer Cannon,1,1,1,1,0
2888937,Scumbug,1,1,1,1,0
2888944,Technodrome,1,1,0,0,1
2930393,Sewer Sports Ball: Raphael,1,1,1,1,1
2930392,Sewer Sports Ball: Michael Angelo,1,1,1,1,1
2930391,Sewer Sports Ball: Leonardo,1,1,1,1,1
2930390,Sewer Sports Ball: Donatello,1,1,1,1,0
2930389,Sargeant Bananas,1,1,1,1,0
2930388,Rappin' Mike,2,0,2,2,1
2930395,Sewer Sub,1,1,1,0,0
2930384,Raph the Green Teen Beret,1,1,1,1,0
2930383,Rahzer,1,1,1,1,0
2930381,Punker Don,2,0,2,2,1
2930386,Raph's Sewer Speedboat,1,1,1,1,0
2930396,Shell Kickin' Raph,1,1,1,1,1
2930397,Shell Slammin' Mike,1,1,1,1,0
2930414,Tokka,1,1,1,1,1
2930413,Tattoo,1,1,1,1,0
2930412,Talkin' Raph,1,1,1,1,1
2930411,Talkin' Mike,1,1,1,1,1
2930410,Talkin' Leo,1,1,1,1,1
2930409,Talkin' Don,1,1,1,1,1
2930408,T.D. Tossin' Leo,1,1,1,1,0
2930407,Super Shredder,1,1,1,1,1
2930406,Storage Shell Raph,1,1,1,1,0
2930403,Space Usagi,1,1,1,1,0
2930402,Slapshot Leo,1,1,1,1,1
2930401,Slam Dunkin' Don,1,1,1,1,1
2930400,Skateboardin' Mike,1,1,1,1,0
2930399,Shreddermobile,1,1,1,1,0
2930378,Ninja News Cycle,1,1,1,1,0
2930416,Turtle Blimp II,1,1,1,1,0
2930377,Mike's Pizza Chopper Backpack,1,1,1,1,0
2930375,Midshipman Mike,1,1,1,1,0
2930353,Dirtbag,1,1,1,1,0
2930352,Classic Rocker Leo,2,0,2,2,1
2930351,Chrome Dome,1,1,1,1,0
2930350,Cheapskate II,1,1,1,1,0
2930354,Don's Kooky Carnival Car,1,1,1,1,0
2930356,Don's Telephone Line Rider Backpack,1,1,1,1,0
2930357,Giant Bebop,1,1,1,1,0
2930373,Make My Day Leo,1,1,1,1,0
2930372,Machine Gunnin' Rocksteady,1,1,1,1,1
2930371,Lieutenant Leo,1,1,1,1,0
2930369,Leo's Jolly Turtle Tubboat,1,1,1,1,0
2930368,Krang's Android Body,1,1,1,1,0
2930367,Hose 'Em Down Don,1,1,1,1,0
2930366,Heavy Metal Raph,2,0,2,2,1
2930365,Head Spinnin' Bebop,1,1,1,1,0
2930364,Head Droppin' Raphael,1,1,1,1,0
2930363,Head Droppin' Michael Angelo,1,1,1,1,0
2930362,Head Droppin' Leonardo,1,1,1,1,0
2930361,Head Droppin' Donatello,1,1,1,1,0
2930360,Groundchuck,1,1,1,1,0
2930359,Grand Slammin' Raph,1,1,1,1,1
2930358,Giant Rocksteady,1,1,1,1,0
2930417,Turtle Communicator,2,0,0,0,0
2930419,Turtle Tank,1,1,1,0,0
2930422,Zak the Neutrino,1,1,1,1,1
2930421,Wyrm,1,1,1,1,1
2930420,Walkabout,1,1,1,1,0
2930477,Scale Tail,1,1,1,1,0
2930476,Samarai Scooter,1,1,1,1,0
2930475,Rock 'N Roll Muta-Bus,1,1,1,1,0
2930474,Rock 'N Roll Mondo Gekko,1,1,1,1,0
2930472,Raph the Magnificent,1,1,1,1,0
2930478,Sewer Sand Cruiser,1,1,1,1,0
2930470,Power Punchin' Rocksteady,1,1,1,1,0
2930468,Ninja Knockin' Bebop,1,1,1,1,1
2930465,Mutatin' Splinter,1,1,1,1,0
2930464,Mutatin' Rocksteady,1,1,1,1,0
2930463,Mutatin' Raph,1,1,1,1,0
2930462,Mutatin' Mike,1,1,1,1,0
2930469,Power Liftin' Don,1,1,1,1,0
2930479,Sewer Scout Raph,1,1,1,1,1
2930480,Sewer Spitting Beachcombin' Mike,1,1,1,1,0
2930481,Sewer Spitting Lifeguard Leo,1,1,1,1,0
2930488,Turtlemobile,1,1,1,1,0
2930487,Turtle Bubble Sword,1,1,1,1,0
2930486,Track 'N Field Leo,1,1,1,1,0
2930485,Super Swimmin' Raph,1,1,1,1,0
2930461,Mutatin' Leo,1,1,1,1,0
2930460,Mutatin' Donatello,1,1,1,1,0
2930459,Mutatin' Bebop,1,1,1,1,0
2930458,Muta-Ski,1,1,1,1,0
2930436,Dim Wit Doughboy Rocksteady,1,1,1,1,0
2930434,Crazy Cowboy Don,1,0,1,1,1
2930433,Crazy Clownin' Mike,1,1,1,1,1
2930432,Collector Four Pack (Original Four Turtles),1,1,1,1,0
2930430,Chief Leo,1,1,1,1,1
2930429,Cave-Turtle Leo & His Dingy Dino,1,1,1,1,0
2930428,Bubble Bomber,1,1,1,1,0
2930427,Bandito Bashin' Mike,1,1,1,1,1
2930426,April the Ravishing Reporter,2,0,0,0,0
2930425,April the Ninja Newscaster,1,1,1,1,0
2930424,April II (Purple Belt),1,1,1,1,0
2930423,Anthrax,1,1,1,1,0
2930437,Doctor El,1,1,1,1,0
2930438,Fifth Anniversary Collector Turtle (Gold Leonardo),1,1,1,1,0
2930440,Hot Doggin' Mike,1,1,1,1,0
2930457,Muta-Raft,1,1,1,1,0
2930456,Muta-Carrier,1,1,1,0,0
2930455,Muta-Bike,1,1,1,1,0
2930454,Movie Star Splinter,1,1,1,1,0
2930453,Movie Star Raph,1,1,1,1,0
2930452,Movie Star Mike,1,1,1,1,0
2930451,Movie Star Leo,1,1,1,1,0
2930450,Movie Star Foot Soldier,1,1,1,1,1
2930449,Movie Star Don,1,1,1,1,0
2930448,Monty Moose,1,1,1,1,0
2930447,Merdude,1,1,1,1,0
2930445,Kowabunga Kick-Boxin' Leo,1,1,1,1,0
2930443,King Lionheart,1,1,1,1,0
2930441,Hothead,1,1,1,1,1
2930559,Toon Shredder,1,1,1,1,0
2930558,Toon Raph,1,1,1,1,0
2930557,Toon Mike,1,1,1,1,0
2930556,Toon Leo,1,1,1,1,0
2930555,Toon Kala,1,1,1,1,0
2930554,Toon Irma,1,1,1,1,1
2930553,Toon Don,1,1,1,1,0
2930560,Toon Vernon,1,1,1,1,1
2930552,Toon Dask,1,1,1,1,0
2930550,Toon Burne,1,1,1,1,1
2930549,Technodrome Scout Vehicle,1,1,1,1,0
2930548,Super Mike,1,1,1,1,1
2930547,Super Don,1,1,1,1,1
2930546,Somersault Samarai Leo,1,1,1,1,0
2930544,Sandstorm,1,1,1,1,0
2930562,Turtle Troll Don,1,1,1,1,0
2930563,Turtle Troll Leo,1,1,1,1,0
2930569,Universal Studios: Mike as Frankenstein,1,1,1,1,0
2930566,Turtlepult Wit,1,1,1,1,0
2930565,Turtle Troll Raph,1,1,1,1,0
2930564,Turtle Troll Mike,1,1,1,1,0
2930518,Mutatin' April,1,1,1,1,0
2930516,Movie III Samarai Sword,1,1,1,1,0
2930512,Mona Lisa,1,1,1,1,0
2930519,Mutatin' Foot Soldier,1,1,1,1,0
2930511,Mighty Bebop,1,1,1,1,1
2930507,Jump Attack Jujitsu Raph,1,1,1,1,0
2930506,Hot Spot,1,1,1,1,0
2930505,Halfcourt,1,1,1,1,1
2930503,Giant Samarai Leo,1,1,1,0,0
2930521,Mutatin' Shredder,1,1,1,1,0
2930522,Mutatin' Tokka,1,1,1,1,0
2930539,Samarai Evil Warhorse with Castle Guard,1,1,1,1,0
2930537,Robotic Rocksteady,1,1,1,1,0
2930536,Robotic Bebop,1,1,1,1,0
2930531,Rhinoman,1,1,1,1,1
2930529,Ninja Grapplor,1,1,1,1,0
2930502,Giant Movie Star Raph,1,1,1,1,0
2930501,Giant Movie Star Mike,1,1,1,1,0
2930500,Giant Movie Star Leo,1,1,1,1,0
2930499,Giant Movie Star Don,1,1,1,1,0
2930498,Farmer Mike with Turtle Tractor,1,1,1,1,0
2930495,Channel 6 Newsvan with Toon April,1,1,1,1,0
2930493,Cave Turtle Mike with Silly Stegasaurus,1,1,1,1,0
2930491,Cartwheelin' Karate Don,1,1,1,1,0
2930490,Black Belt Boxer Mike,1,1,1,1,0
2961623,Breakin' Loose Leonardo,1,1,1,1,0
2961629,Cruisin' Leo with Classic Sewer Cycle,1,1,1,1,0
2961631,Cyber Samarai Don,1,1,1,1,0
2961686,Touchdown Donatello,1,1,1,1,0
2961685,Tokka Technodrome Playset,1,1,1,1,0
2961682,Star Trek: First Officer Don,1,1,1,1,0
2961681,Star Trek: Chief Medical Officer Raph,1,1,1,1,0
2961679,Star Trek: Captain Leo,1,1,1,1,0
2961678,Shogun Triceraton,1,1,1,1,0
2961677,Shogun Splinter,1,1,1,1,0
2961673,Shogun Mike,1,1,1,1,0
2961680,Star Trek: Chief Engineer Mike,1,1,1,1,0
2961691,Universal Monsters: Bride of Frankenstein April,1,1,1,1,0
2961692,Universal Monsters: Creature from the Black Lagoon Leonardo,1,1,1,1,0
2961695,Warrior Bebop,1,1,1,1,0
2961694,Universal Monsters: The Mutant Raphael,1,1,1,1,0
2961693,Universal Monsters: Invisible Man Michael Angelo,1,1,1,1,0
2961630,Cyber Samarai Bebop,1,1,1,1,0
2961671,Shogun Don,1,1,1,1,0
2961669,Shell Splittin' Raphael,1,1,1,1,0
2961641,Giant Mutatin Leonardo,1,1,1,1,0
2961648,Hero Hatchin' Michael Angelo,1,1,1,1,0
2961638,Farmer Don with Modern Mutant Tractor,1,1,1,1,0
2961637,Eggsplodin' Donatello,1,1,1,1,0
2961636,Dwarf Don,1,1,1,1,0
2961635,Cyber Samarai Shredder,1,1,1,1,0
2961634,Cyber Samarai Raph,1,1,1,1,0
2961633,Cyber Samarai Mike,1,1,1,1,0
2961632,Cyber Samarai Leo,1,1,1,1,0
2961649,Krang's Android Body (Mini),1,1,1,1,0
2961651,Kung Fu Michael Angelo,1,1,1,1,0
2961667,Robotic Foot Soldier,1,1,1,1,0
2961666,Road Racin' Mike with Kowabunga Bike,1,1,1,1,0
2961665,Retro Rocket Raphael,1,1,1,1,0
2961664,Raph Feudal Castle Playset,1,1,1,1,0
2961663,Pizza Tossin' Raphael,1,1,1,1,0
2961660,Pizza Tossin' Don,1,1,1,1,1
2961658,Pizza Powered Turtle Prop,1,1,1,1,0
2961657,Movie III Turtlepault with Whit Action Figure,1,1,1,1,0
2961656,Moon Landin' Michael Angelo,1,1,1,1,0
2961655,Lunar Leonardo,1,1,1,1,0
2961653,Kung Fu Rocksteady,1,1,1,1,0
2961670,Shogun April,1,1,1,1,0
2961760,Super Mutants Cyclone Cycle,1,1,1,1,0
2961727,Metal Mutants: Shredder with Tiger Spirit Armor,1,1,1,1,0
2961726,Metal Mutants: Raphael with Phoenix Spirit Armor,1,1,1,1,0
2961725,Metal Mutants: Michael Angelo with Beetle Spirit Armor,1,1,1,1,0
2961724,Metal Mutants: Leonardo with Dragon Spirit Armor,1,1,1,1,0
2961723,Metal Mutants: Donatello with Lion Spirit Armor,1,1,1,1,0
2961722,Metal Mutant Cycle,1,1,1,1,0
2961720,Jim Lee: Raphael,1,1,1,1,0
2961719,Jim Lee: Michael Angelo,1,1,1,1,0
2961718,Jim Lee: Donatello,1,1,1,1,0
2961714,Japanese Super Mutant Donatello,1,1,1,1,0
2961744,Ninja Shooters Raphael,1,1,1,1,1
2961743,Ninja Shooters Michael Angelo,1,1,1,1,0
2961742,Ninja Shooters Leonardo,1,1,1,1,0
2961741,Ninja Shooters Donatello,1,1,1,1,0
2961705,Dark Devil Shredder,1,1,0,0,0
2961700,Cave Bebop's Dino Playset,1,1,1,1,0
2961699,Carry Along Sai Playset,1,1,1,1,0
2961696,Arctic Donatello,1,1,1,1,0
2961776,Robotation Michael Angelo,1,1,1,1,0
6486041,Cork Board,1,1,1,1,0
3180962,Snowman & Snowmeow,1,1,1,1,0
15122,Thunder Tank Pencil Eraser,1,1,1,1,1
15121,Lion-o Clock with Cat's Layer,1,1,0,0,1
3149278,Mutant Skycutter,1,1,1,1,0
3149277,Mutant Nosediver,1,1,1,1,0
8152662,Mail Away Mumm-Ra (Mummy),1,1,1,0,1
3149243,Berbil Bell,1,1,1,1,0
3149245,Berbil Bill,1,1,1,1,0
3149244,Berbil Burt,1,1,1,1,0
3149288,Cat's Layer,1,1,0,0,0
3149258,Top Spinner,1,1,1,1,0
3149257,Snowman of Hook Mountain,1,1,1,1,0
3149256,Snarf,1,1,1,1,0
3149255,Ratar-o,1,1,1,1,1
3149254,Ram Bam,1,1,1,1,0
3149281,Mutant Fist Pounder,1,1,1,1,0
3149289,Mumm-Ra's Tomb Fortress,1,0,0,0,1
3149252,Ma-Mutt,1,1,1,1,0
3149250,Hammerhand,1,1,1,1,0
3149247,Cruncher,1,1,1,1,0
3149284,Luna Lasher,1,1,1,1,0
16936,Apocalypse Attackcopter,1,1,1,1,0
16937,Bonehead,1,1,1,1,0
16939,Dr. Killemoff,1,1,1,1,0
16950,Toxie,1,1,1,1,0
16949,Toxic Turf Surfer,1,1,1,1,0
16947,Radiation Ranger,1,1,1,1,0
16946,Psycho,1,1,1,1,0
16945,Nozone,2,0,2,2,0
16944,Major Disaster,1,1,1,1,0
16943,Junkyard,1,1,1,1,0
16941,Headbanger,1,1,1,1,0
3359957,Rainbow Samu,1,1,0,0,0
3359969,Zariganian,1,1,0,0,0
3359873,Blazing Eagle,1,0,0,0,0
3485536,Tech Specometer Eleven,1,1,1,0,1
6673405,Krok,1,1,1,1,0
6673404,Banzai-Tron,1,1,1,1,0
3233555,Action Masters: Megatron,1,1,1,0,0
3317869,Attack Cruiser with Sprocket,1,1,0,0,0
3233556,Minibot: Brawn,1,1,0,0,0
3233548,Autobot Car: Trailbreaker,1,1,1,0,0
3233547,Autobot Car: Sunstreaker,1,1,1,0,0
3233545,Autobot Car: Ratchet,1,1,1,0,0
3233544,Autobot Car: Prowl,1,1,1,0,0
3233543,Autobot Car: Mirage,1,1,1,0,0
3233542,Autobot Car: Jazz,1,1,1,0,0
3233549,Autobot Car: Wheeljack,1,1,1,0,1
3233559,Minibot: Huffer,1,1,0,0,0
3233567,Seeker: Starscream,1,1,1,0,0
3233565,Optimus Prime,1,1,1,0,1
3233541,Autobot Car: Ironhide,1,1,1,0,0
3233540,Autobot Car: Hound,1,1,1,0,0
3233539,Autobot Car: Bluestreak,1,1,0,0,0
6673406,Electric Train and Battle Set,1,1,1,0,0
3233578,Constructicon: Grapple,2,0,0,0,0
3233575,Autobot Car: Tracks,1,1,1,0,0
3233574,Autobot Car: Smokescreen,1,1,1,0,0
3233573,Autobot Car: Skids,1,1,1,0,0
3233572,Autobot Car: Red Alert,1,1,1,0,0
3233571,Autobot Car: Inferno,1,1,1,0,0
3233570,Autobot Car: Hoist,1,1,1,0,0
3233598,Jumpstarter: Topspin,1,1,0,0,0
3233597,Jetfire,1,1,1,0,0
3233595,Insecticon: Shrappnel,2,0,0,0,0
3233593,Insecticon: Kickback,2,0,0,0,0
3233599,Jumpstarter: Twin Twist,2,0,2,0,0
3233591,Insecticon: Bombshell,2,0,0,0,1
3233588,Dinobot: Swoop,1,1,1,0,0
3233587,Dinobot: Snarl,1,1,1,1,0
3233586,Dinobot: Sludge,1,1,0,0,0
3233585,Dinobot: Slag,1,1,1,0,0
3233584,Dinobot: Grimlock,1,1,1,0,0
3233601,Minibot: Cosmos,1,1,0,0,0
3233602,Minibot: Powerglide,1,1,0,0,0
3233619,Triple Changer: Astro Train,1,1,1,0,0
3233616,Seeker: Thrust,2,0,0,0,0
3233615,Seeker: Ramjet,2,0,0,0,1
3233614,Seeker: Dirge,2,0,0,0,0
3233613,Roadbuster,1,1,1,0,0
3233609,Perceptor,1,1,1,0,0
3233606,Omnibot: Camshaft,1,1,0,0,0
3233605,Omega Supreme,1,1,1,0,0
3233604,Minibot: Warpath,1,1,0,0,0
3233603,Minibot: Seaspray,1,1,0,0,0
3233621,Whirl,1,1,1,0,0
3317715,Combaticon: Brawl,1,1,0,0,0
3317714,Combaticon: Blast Off,1,1,0,0,0
3317712,Cassette: Rewind,1,1,0,0,0
3317716,Combaticon: Onlaught,1,1,0,0,0
3317705,Autobot Car: Kup,1,1,0,0,0
3317703,Autobot Car: Blurr,1,1,0,0,0
3317702,Aerialbot: Slingshot,1,1,0,0,0
3317701,Aerialbot: Skydive,1,1,0,0,0
3317700,Aerialbot: Silverbolt,1,1,0,0,0
3317717,Combaticon: Swindle,1,1,0,0,0
3317718,Combaticon: Vortex,1,1,0,0,0
3317719,Galvatron,1,1,1,0,0
3317736,Protectobot: Streetwise,1,1,0,0,0
3317735,Protectobot: Hot Spot,1,1,0,0,0
3317734,Protectobot: Groove,1,1,0,0,0
3317733,Protectobot: First Aid,1,1,0,0,0
3317732,Protectobot: Blades,1,1,0,0,0
3317731,Predacon: Tantrum,1,1,0,0,0
3317730,Predacon: Razerclaw,1,1,0,0,0
3317729,Predacon: Rampage,1,1,0,0,0
3317728,Predacon: Headstrong,1,1,0,0,0
3317727,Predacon: Divebomb,1,1,0,0,0
3317726,Minibot: Wheelie,1,1,0,0,0
3317720,Metroplex,1,1,1,0,0
3317699,Aerialbot: Fireflight,1,1,0,0,0
3317737,Reflector,1,1,1,0,0
3317698,Aerialbot: Air Raid,1,1,0,0,0
3317739,Seeker: Cyclonus,1,1,0,0,0
3317740,Seeker: Scourge,1,1,1,0,0
3317754,Wreck-gar,1,1,1,0,0
3317753,Ultra Magnus,1,1,0,0,1
3317752,Trypticon,1,1,1,0,0
3317751,Triple Changer: Springer,1,1,1,0,0
3317748,Triple Changer: Broadside,1,1,1,0,0
3317747,Stunticon: Wildrider,1,1,0,0,0
3317746,Stunticon: Motormaster,1,1,0,0,0
3317745,Stunticon: Drag Strip,1,1,0,0,0
3317744,Stunticon: Dead End,1,1,0,0,0
3317743,Stunticon: Breakdown,1,1,0,0,0
3317741,Sharkticon: Gnaw,1,1,0,0,0
3317798,Terrorcon: Sinnertwin,1,1,0,0,0
3317797,Terrorcon: Rippersnapper,1,1,0,0,0
3317796,Terrorcon: Hun-gurrr,1,1,0,0,0
3317795,Terrorcon: Cutthroat,1,1,0,0,0
3317794,Terrorcon: Blot,1,1,0,0,0
3317792,Targetmaster: Sureshot,1,1,1,0,0
3317789,Targetmaster: Pointblank,1,1,1,0,0
3317782,Sixshot,1,1,1,0,0
3317781,Scorponok,1,1,1,0,0
3317779,Pounce & Wingspan,1,1,1,0,0
3317757,Computron: Afterburner,1,1,0,0,0
3317758,Computron: Lightspeed,1,1,0,0,0
3317759,Computron: Nosecone,1,1,0,0,0
3317761,Computron: Strafe,1,1,0,0,0
3317778,Monsterbot: Repugnous,1,1,0,0,0
3317776,Monsterbot: Doublecross,1,1,1,0,0
3317775,Headmaster: Weirdwolf,1,1,1,0,0
3317774,Headmaster: Snapdragon,1,1,0,0,0
3317773,Headmaster: Skullcruncher,1,1,1,0,0
3317771,Headmaster: Highbrow,1,1,1,0,0
3317770,Headmaster: Hardhead,1,1,1,0,0
3317769,Headmaster: Chromedome,1,1,1,0,0
3317768,Headmaster: Brainstorm,2,0,2,0,0
3317766,Fortress Maximus,1,1,1,1,0
3317765,Fastlane & Cloudraker,1,1,1,0,0
3317764,Duocon: Flywheels,1,1,0,0,0
3317763,Duocon: Battletrap,1,1,0,0,0
3317760,Computron: Scattershot,1,1,0,0,0
3317839,Pretender: Splashdown,1,1,1,0,0
3317838,Pretender: Snarler,1,1,1,0,0
3317836,Pretender: Skullgrin,1,1,1,0,0
3317833,Pretender: Iguanus,1,1,1,0,0
3317840,Pretender: Submarauder,1,1,1,0,0
3317830,Pretender: Finback,1,1,1,0,0
3317828,Pretender: Chainclaw,1,1,1,0,0
3317827,Pretender: Catilla,1,1,1,0,0
3317826,Pretender: Carnivac,1,1,1,0,0
3317825,Pretender: Bugly,1,1,1,0,0
3317824,Pretender: Bomb-burst,1,1,1,0,0
3317842,Seacon: Nautilator,1,1,0,0,0
3317843,Seacon: Overbite,1,1,0,0,0
3317847,Seacon: Tentakil,1,1,0,0,0
3317846,Seacon: Snaptrap,1,1,0,0,0
3317845,Seacon: Skalor,1,1,0,0,0
3317844,Seacon: Seawing,1,1,0,0,0
3317823,Powermaster: Slapdash,1,1,1,0,0
3317822,Powermaster: Quickswitch,1,1,1,0,0
3317821,Powermaster: Optimus Prime,1,1,1,0,0
3317820,Powermaster: Joyride,1,1,1,0,0
3317818,Powermaster: Dreadwind,1,1,1,0,0
3317817,Powermaster: Doubledealer,1,1,1,0,0
3317816,Powermaster: Darkwing,1,1,1,0,0
3317813,Headmaster: Nightbeat,1,1,1,0,0
3317812,Headmaster: Hosehead,1,1,1,0,0
3317809,Firecon: Sparkstalker,1,1,0,0,0
3317808,Firecon: Flamefeather,1,1,0,0,0
3317807,Firecon: Cindersaur,1,1,0,0,0
3317868,Pretender Monsters (Monstructor): Wildfly,1,1,0,0,0
3317867,Pretender Monsters (Monstructor): Slog,1,1,0,0,0
3317866,Pretender Monsters (Monstructor): Scowl,1,1,0,0,0
3317865,Pretender Monsters (Monstructor): Icepick,1,1,0,0,0
3317864,Pretender Monsters (Monstructor): Bristleback,1,1,0,0,0
3317863,Pretender Monsters (Monstructor): Birdbrain,1,1,0,0,0
3724377,Warrior,1,1,0,0,0
3724376,Tron,1,1,0,0,0
3724372,Flynn,1,1,0,0,0
3724375,Sark,1,1,0,0,0
3945393,Cryotek,1,1,1,1,0
3945387,Cravex,1,1,1,1,0
3945386,Cindarr,1,1,1,1,0
3945388,Darkstorm,1,1,1,1,0
3945394,Leoric,1,1,1,1,0
3945389,Lexor,1,1,1,1,0
3945391,Sky Claw with Mortdred,1,1,1,0,0
2753282,The Thing,1,1,0,0,0
2753281,Spiderman,1,1,0,0,0
2753273,Green Goblin,1,1,0,0,0
2753279,Mr. Fantastic,1,1,0,0,0
2753276,Invisible Girl,1,1,0,0,0
2753275,Human Torch,1,1,0,0,0
